UNIT_LINK,MIN_EON,MIN_ERA,MIN_PERIOD,MIN_EPOCH,MIN_AGE,FULL_MIN,CMIN_AGE,MAX_EON,MAX_ERA,MAX_PERIOD,MAX_EPOCH,MAX_AGE,FULL_MAX,CMAX_AGE,MAX_MA,MIN_MA,AGE_TYPE,AGE_COM
OKQa;0,Phanerozoic,Cenozoic,Quaternary,Holocene,,"Phanerozoic Cenozoic  Quaternary    Holocene",Holocene,Phanerozoic,Cenozoic,Quaternary,Holocene,,"Phanerozoic Cenozoic  Quaternary   Holocene",Holocene,0.01200000000,0.00000000000,Relative,
OKQal;0,Phanerozoic,Cenozoic,Quaternary,Holocene,,"Phanerozoic Cenozoic  Quaternary    Holocene",Holocene,Phanerozoic,Cenozoic,Quaternary,Holocene,,"Phanerozoic Cenozoic  Quaternary   Holocene",Holocene,0.01200000000,0.00000000000,Relative,
OKQd;0,Phanerozoic,Cenozoic,Quaternary,Pleistocene,,"Phanerozoic Cenozoic  Quaternary    Pleistocene",Pleistocene,Phanerozoic,Cenozoic,Quaternary,Pleistocene,,"Phanerozoic Cenozoic  Quaternary   Pleistocene",Pleistocene,1.81000000000,0.01200000000,Relative,
OKQds;0,Phanerozoic,Cenozoic,Quaternary,Pleistocene,,"Phanerozoic Cenozoic  Quaternary    Pleistocene",Pleistocene,Phanerozoic,Cenozoic,Quaternary,Pleistocene,,"Phanerozoic Cenozoic  Quaternary   Pleistocene",Pleistocene,1.81000000000,0.01200000000,Relative,
OKQt;0,Phanerozoic,Cenozoic,Quaternary,Pleistocene,,"Phanerozoic Cenozoic  Quaternary    Pleistocene",Pleistocene,Phanerozoic,Cenozoic,Quaternary,Pleistocene,,"Phanerozoic Cenozoic  Quaternary   Pleistocene",Pleistocene,1.81000000000,0.01200000000,Relative,
OKTb;0,Phanerozoic,Cenozoic,Tertiary,Pliocene,,"Phanerozoic Cenozoic  Tertiary    Pliocene",Pliocene,Phanerozoic,Cenozoic,Tertiary,Pliocene,,"Phanerozoic Cenozoic  Tertiary   Pliocene",Pliocene,5.33200000000,1.81000000000,Relative,
OKTo;0,Phanerozoic,Cenozoic,Tertiary,Pliocene,,"Phanerozoic Cenozoic  Tertiary    Pliocene",Pliocene,Phanerozoic,Cenozoic,Tertiary,Pliocene,,"Phanerozoic Cenozoic  Tertiary   Pliocene",Pliocene,5.33200000000,1.81000000000,Relative,
OKToa;0,Phanerozoic,Cenozoic,Quaternary,Pleistocene,,"Phanerozoic Cenozoic  Quaternary    Pleistocene",Pleistocene,Phanerozoic,Cenozoic,Tertiary,Pliocene,,"Phanerozoic Cenozoic  Tertiary   Pliocene",Pliocene,5.33200000000,0.01200000000,Relative,
OKKo;0,Phanerozoic,Mesozoic,Cretaceous,Late-Cretaceous,,"Phanerozoic Mesozoic  Cretaceous    Late-Cretaceous",Late-Cretaceous,Phanerozoic,Mesozoic,Cretaceous,Late-Cretaceous,,"Phanerozoic Mesozoic  Cretaceous   Late-Cretaceous",Late-Cretaceous,99.60000000000,65.50000000000,Relative,
OKKbr;0,Phanerozoic,Mesozoic,Cretaceous,Late-Cretaceous,,"Phanerozoic Mesozoic  Cretaceous    Late-Cretaceous",Late-Cretaceous,Phanerozoic,Mesozoic,Cretaceous,Late-Cretaceous,,"Phanerozoic Mesozoic  Cretaceous   Late-Cretaceous",Late-Cretaceous,99.60000000000,65.50000000000,Relative,
OKKef;0,Phanerozoic,Mesozoic,Cretaceous,Late-Cretaceous,,"Phanerozoic Mesozoic  Cretaceous    Late-Cretaceous",Late-Cretaceous,Phanerozoic,Mesozoic,Cretaceous,Late-Cretaceous,,"Phanerozoic Mesozoic  Cretaceous   Late-Cretaceous",Late-Cretaceous,99.60000000000,65.50000000000,Relative,
OKKto;0,Phanerozoic,Mesozoic,Cretaceous,Late-Cretaceous,,"Phanerozoic Mesozoic  Cretaceous    Late-Cretaceous",Late-Cretaceous,Phanerozoic,Mesozoic,Cretaceous,Late-Cretaceous,,"Phanerozoic Mesozoic  Cretaceous   Late-Cretaceous",Late-Cretaceous,99.60000000000,65.50000000000,Relative,
OKKw;0,Phanerozoic,Mesozoic,Cretaceous,Late-Cretaceous,,"Phanerozoic Mesozoic  Cretaceous    Late-Cretaceous",Late-Cretaceous,Phanerozoic,Mesozoic,Cretaceous,Late-Cretaceous,,"Phanerozoic Mesozoic  Cretaceous   Late-Cretaceous",Late-Cretaceous,99.60000000000,65.50000000000,Relative,
OKKwt;0,Phanerozoic,Mesozoic,Cretaceous,Late-Cretaceous,,"Phanerozoic Mesozoic  Cretaceous    Late-Cretaceous",Late-Cretaceous,Phanerozoic,Mesozoic,Cretaceous,Late-Cretaceous,,"Phanerozoic Mesozoic  Cretaceous   Late-Cretaceous",Late-Cretaceous,99.60000000000,65.50000000000,Relative,
OKKwl;0,Phanerozoic,Mesozoic,Cretaceous,Late-Cretaceous,,"Phanerozoic Mesozoic  Cretaceous    Late-Cretaceous",Late-Cretaceous,Phanerozoic,Mesozoic,Cretaceous,Late-Cretaceous,,"Phanerozoic Mesozoic  Cretaceous   Late-Cretaceous",Late-Cretaceous,99.60000000000,65.50000000000,Relative,
OKKwr;0,Phanerozoic,Mesozoic,Cretaceous,Late-Cretaceous,,"Phanerozoic Mesozoic  Cretaceous    Late-Cretaceous",Late-Cretaceous,Phanerozoic,Mesozoic,Cretaceous,Late-Cretaceous,,"Phanerozoic Mesozoic  Cretaceous   Late-Cretaceous",Late-Cretaceous,99.60000000000,65.50000000000,Relative
OKKwd;0,Phanerozoic,Mesozoic,Cretaceous,Late-Cretaceous,,"Phanerozoic Mesozoic  Cretaceous    Late-Cretaceous",Late-Cretaceous,Phanerozoic,Mesozoic,Cretaceous,Late-Cretaceous,,"Phanerozoic Mesozoic  Cretaceous   Late-Cretaceous",Late-Cretaceous,99.60000000000,65.50000000000,Relative
OKKgb;0,Phanerozoic,Mesozoic,Cretaceous,Early-Cretaceous,,"Phanerozoic Mesozoic  Cretaceous    Early-Cretaceous",Early-Cretaceous,Phanerozoic,Mesozoic,Cretaceous,Early-Cretaceous,,"Phanerozoic Mesozoic  Cretaceous   Early-Cretaceous",Early-Cretaceous,145.50000000000,99.60000000000,Relative
OKKb;0,Phanerozoic,Mesozoic,Cretaceous,Early-Cretaceous,,"Phanerozoic Mesozoic  Cretaceous    Early-Cretaceous",Early-Cretaceous,Phanerozoic,Mesozoic,Cretaceous,Early-Cretaceous,,"Phanerozoic Mesozoic  Cretaceous   Early-Cretaceous",Early-Cretaceous,145.50000000000,99.60000000000,Relative
OKKpm;0,Phanerozoic,Mesozoic,Cretaceous,Early-Cretaceous,,"Phanerozoic Mesozoic  Cretaceous    Early-Cretaceous",Early-Cretaceous,Phanerozoic,Mesozoic,Cretaceous,Early-Cretaceous,,"Phanerozoic Mesozoic  Cretaceous   Early-Cretaceous",Early-Cretaceous,145.50000000000,99.60000000000,Relative
OKKws;0,Phanerozoic,Mesozoic,Cretaceous,Early-Cretaceous,,"Phanerozoic Mesozoic  Cretaceous    Early-Cretaceous",Early-Cretaceous,Phanerozoic,Mesozoic,Cretaceous,Early-Cretaceous,,"Phanerozoic Mesozoic  Cretaceous   Early-Cretaceous",Early-Cretaceous,145.50000000000,99.60000000000,Relative
OKKdc;0,Phanerozoic,Mesozoic,Cretaceous,Early-Cretaceous,,"Phanerozoic Mesozoic  Cretaceous    Early-Cretaceous",Early-Cretaceous,Phanerozoic,Mesozoic,Cretaceous,Early-Cretaceous,,"Phanerozoic Mesozoic  Cretaceous   Early-Cretaceous",Early-Cretaceous,145.50000000000,99.60000000000,Relative
OKKcf;0,Phanerozoic,Mesozoic,Cretaceous,Early-Cretaceous,,"Phanerozoic Mesozoic  Cretaceous    Early-Cretaceous",Early-Cretaceous,Phanerozoic,Mesozoic,Cretaceous,Early-Cretaceous,,"Phanerozoic Mesozoic  Cretaceous   Early-Cretaceous",Early-Cretaceous,145.50000000000,99.60000000000,Relative
OKKki;0,Phanerozoic,Mesozoic,Cretaceous,Early-Cretaceous,,"Phanerozoic Mesozoic  Cretaceous    Early-Cretaceous",Early-Cretaceous,Phanerozoic,Mesozoic,Cretaceous,Early-Cretaceous,,"Phanerozoic Mesozoic  Cretaceous   Early-Cretaceous",Early-Cretaceous,145.50000000000,99.60000000000,Relative
OKKgw;0,Phanerozoic,Mesozoic,Cretaceous,Early-Cretaceous,,"Phanerozoic Mesozoic  Cretaceous    Early-Cretaceous",Early-Cretaceous,Phanerozoic,Mesozoic,Cretaceous,Early-Cretaceous,,"Phanerozoic Mesozoic  Cretaceous   Early-Cretaceous",Early-Cretaceous,145.50000000000,99.60000000000,Relative
OKKa;0,Phanerozoic,Mesozoic,Cretaceous,Early-Cretaceous,,"Phanerozoic Mesozoic  Cretaceous    Early-Cretaceous",Early-Cretaceous,Phanerozoic,Mesozoic,Cretaceous,Early-Cretaceous,,"Phanerozoic Mesozoic  Cretaceous   Early-Cretaceous",Early-Cretaceous,145.50000000000,99.60000000000,Relative
OKKdq;0,Phanerozoic,Mesozoic,Cretaceous,Early-Cretaceous,,"Phanerozoic Mesozoic  Cretaceous    Early-Cretaceous",Early-Cretaceous,Phanerozoic,Mesozoic,Cretaceous,Early-Cretaceous,,"Phanerozoic Mesozoic  Cretaceous   Early-Cretaceous",Early-Cretaceous,145.50000000000,99.60000000000,Relative
OKKh;0,Phanerozoic,Mesozoic,Cretaceous,Early-Cretaceous,,"Phanerozoic Mesozoic  Cretaceous    Early-Cretaceous",Early-Cretaceous,Phanerozoic,Mesozoic,Cretaceous,Early-Cretaceous,,"Phanerozoic Mesozoic  Cretaceous   Early-Cretaceous",Early-Cretaceous,145.50000000000,99.60000000000,Relative
OKKc;0,Phanerozoic,Mesozoic,Cretaceous,Early-Cretaceous,,"Phanerozoic Mesozoic  Cretaceous    Early-Cretaceous",Early-Cretaceous,Phanerozoic,Mesozoic,Cretaceous,Early-Cretaceous,,"Phanerozoic Mesozoic  Cretaceous   Early-Cretaceous",Early-Cretaceous,145.50000000000,99.60000000000,Relative
OKKd;0,Phanerozoic,Mesozoic,Cretaceous,Early-Cretaceous,,"Phanerozoic Mesozoic  Cretaceous    Early-Cretaceous",Early-Cretaceous,Phanerozoic,Mesozoic,Cretaceous,Early-Cretaceous,,"Phanerozoic Mesozoic  Cretaceous   Early-Cretaceous",Early-Cretaceous,145.50000000000,99.60000000000,Relative
OKKds;0,Phanerozoic,Mesozoic,Cretaceous,Early-Cretaceous,,"Phanerozoic Mesozoic  Cretaceous    Early-Cretaceous",Early-Cretaceous,Phanerozoic,Mesozoic,Cretaceous,Early-Cretaceous,,"Phanerozoic Mesozoic  Cretaceous   Early-Cretaceous",Early-Cretaceous,145.50000000000,99.60000000000,Relative
OKKk;0,Phanerozoic,Mesozoic,Cretaceous,Early-Cretaceous,,"Phanerozoic Mesozoic  Cretaceous    Early-Cretaceous",Early-Cretaceous,Phanerozoic,Mesozoic,Cretaceous,Early-Cretaceous,,"Phanerozoic Mesozoic  Cretaceous   Early-Cretaceous",Early-Cretaceous,145.50000000000,99.60000000000,Relative
OKKp;0,Phanerozoic,Mesozoic,Cretaceous,Early-Cretaceous,,"Phanerozoic Mesozoic  Cretaceous    Early-Cretaceous",Early-Cretaceous,Phanerozoic,Mesozoic,Cretaceous,Early-Cretaceous,,"Phanerozoic Mesozoic  Cretaceous   Early-Cretaceous",Early-Cretaceous,145.50000000000,99.60000000000,Relative
OKJe;0,Phanerozoic,Mesozoic,Jurassic,Late-Jurassic,,"Phanerozoic Mesozoic  Jurassic    Late-Jurassic",Late-Jurassic,Phanerozoic,Mesozoic,Jurassic,Late-Jurassic,,"Phanerozoic Mesozoic  Jurassic   Late-Jurassic",Late-Jurassic,161.20000000000,145.50000000000,Relative
OKJm;0,Phanerozoic,Mesozoic,Jurassic,Late-Jurassic,,"Phanerozoic Mesozoic  Jurassic    Late-Jurassic",Late-Jurassic,Phanerozoic,Mesozoic,Jurassic,Late-Jurassic,,"Phanerozoic Mesozoic  Jurassic   Late-Jurassic",Late-Jurassic,161.20000000000,145.50000000000,Relative
OKTRd;0,Phanerozoic,Mesozoic,Triassic,Late-Triassic,,"Phanerozoic Mesozoic  Triassic    Late-Triassic",Late-Triassic,Phanerozoic,Mesozoic,Triassic,Late-Triassic,,"Phanerozoic Mesozoic  Triassic   Late-Triassic",Late-Triassic,228.00000000000,199.60000000000,Relative
OKMZu;0,Phanerozoic,Mesozoic,Cretaceous,Late-Cretaceous,,"Phanerozoic Mesozoic  Cretaceous    Late-Cretaceous",Late-Cretaceous,Phanerozoic,Mesozoic,Triassic,Early-Triassic,,"Phanerozoic Mesozoic  Triassic   Early-Triassic",Early-Triassic,251.00000000000,65.50000000000,Relative
OKPec;0,Phanerozoic,Paleozoic,Permian,,,"Phanerozoic Paleozoic  Permian    ",Permian,Phanerozoic,Paleozoic,Permian,,,"Phanerozoic Paleozoic  Permian   ",Permian,299.00000000000,251.00000000000,Relative
OKPdy;0,Phanerozoic,Paleozoic,Permian,,,"Phanerozoic Paleozoic  Permian    ",Permian,Phanerozoic,Paleozoic,Permian,,,"Phanerozoic Paleozoic  Permian   ",Permian,299.00000000000,251.00000000000,Relative
OKPcc;0,Phanerozoic,Paleozoic,Permian,,,"Phanerozoic Paleozoic  Permian    ",Permian,Phanerozoic,Paleozoic,Permian,,,"Phanerozoic Paleozoic  Permian   ",Permian,299.00000000000,251.00000000000,Relative
OKPwh;0,Phanerozoic,Paleozoic,Permian,,,"Phanerozoic Paleozoic  Permian    ",Permian,Phanerozoic,Paleozoic,Permian,,,"Phanerozoic Paleozoic  Permian   ",Permian,299.00000000000,251.00000000000,Relative
OKPr;0,Phanerozoic,Paleozoic,Permian,,,"Phanerozoic Paleozoic  Permian    ",Permian,Phanerozoic,Paleozoic,Permian,,,"Phanerozoic Paleozoic  Permian   ",Permian,299.00000000000,251.00000000000,Relative
OKPrw;0,Phanerozoic,Paleozoic,Permian,,,"Phanerozoic Paleozoic  Permian    ",Permian,Phanerozoic,Paleozoic,Permian,,,"Phanerozoic Paleozoic  Permian   ",Permian,299.00000000000,251.00000000000,Relative
OKPm;0,Phanerozoic,Paleozoic,Permian,,,"Phanerozoic Paleozoic  Permian    ",Permian,Phanerozoic,Paleozoic,Permian,,,"Phanerozoic Paleozoic  Permian   ",Permian,299.00000000000,251.00000000000,Relative
OKPmd;0,Phanerozoic,Paleozoic,Permian,,,"Phanerozoic Paleozoic  Permian    ",Permian,Phanerozoic,Paleozoic,Permian,,,"Phanerozoic Paleozoic  Permian   ",Permian,299.00000000000,251.00000000000,Relative
OKPmv;0,Phanerozoic,Paleozoic,Permian,,,"Phanerozoic Paleozoic  Permian    ",Permian,Phanerozoic,Paleozoic,Permian,,,"Phanerozoic Paleozoic  Permian   ",Permian,299.00000000000,251.00000000000,Relative
OKPer;0,Phanerozoic,Paleozoic,Permian,,,"Phanerozoic Paleozoic  Permian    ",Permian,Phanerozoic,Paleozoic,Permian,,,"Phanerozoic Paleozoic  Permian   ",Permian,299.00000000000,251.00000000000,Relative
OKPdc;0,Phanerozoic,Paleozoic,Permian,,,"Phanerozoic Paleozoic  Permian    ",Permian,Phanerozoic,Paleozoic,Permian,,,"Phanerozoic Paleozoic  Permian   ",Permian,299.00000000000,251.00000000000,Relative
OKPb;0,Phanerozoic,Paleozoic,Permian,,,"Phanerozoic Paleozoic  Permian    ",Permian,Phanerozoic,Paleozoic,Permian,,,"Phanerozoic Paleozoic  Permian   ",Permian,299.00000000000,251.00000000000,Relative
OKPbe;0,Phanerozoic,Paleozoic,Permian,,,"Phanerozoic Paleozoic  Permian    ",Permian,Phanerozoic,Paleozoic,Permian,,,"Phanerozoic Paleozoic  Permian   ",Permian,299.00000000000,251.00000000000,Relative
OKPbv;0,Phanerozoic,Paleozoic,Permian,,,"Phanerozoic Paleozoic  Permian    ",Permian,Phanerozoic,Paleozoic,Permian,,,"Phanerozoic Paleozoic  Permian   ",Permian,299.00000000000,251.00000000000,Relative
OKPch;0,Phanerozoic,Paleozoic,Permian,,,"Phanerozoic Paleozoic  Permian    ",Permian,Phanerozoic,Paleozoic,Permian,,,"Phanerozoic Paleozoic  Permian   ",Permian,299.00000000000,251.00000000000,Relative
OKPf;0,Phanerozoic,Paleozoic,Permian,,,"Phanerozoic Paleozoic  Permian    ",Permian,Phanerozoic,Paleozoic,Permian,,,"Phanerozoic Paleozoic  Permian   ",Permian,299.00000000000,251.00000000000,Relative
OKPc;0,Phanerozoic,Paleozoic,Permian,,,"Phanerozoic Paleozoic  Permian    ",Permian,Phanerozoic,Paleozoic,Permian,,,"Phanerozoic Paleozoic  Permian   ",Permian,299.00000000000,251.00000000000,Relative
OKPd;0,Phanerozoic,Paleozoic,Permian,,,"Phanerozoic Paleozoic  Permian    ",Permian,Phanerozoic,Paleozoic,Permian,,,"Phanerozoic Paleozoic  Permian   ",Permian,299.00000000000,251.00000000000,Relative
OKPsa;0,Phanerozoic,Paleozoic,Permian,,,"Phanerozoic Paleozoic  Permian    ",Permian,Phanerozoic,Paleozoic,Permian,,,"Phanerozoic Paleozoic  Permian   ",Permian,299.00000000000,251.00000000000,Relative
OKPhy;0,Phanerozoic,Paleozoic,Permian,,,"Phanerozoic Paleozoic  Permian    ",Permian,Phanerozoic,Paleozoic,Permian,,,"Phanerozoic Paleozoic  Permian   ",Permian,299.00000000000,251.00000000000,Relative
OKPbi;0,Phanerozoic,Paleozoic,Permian,,,"Phanerozoic Paleozoic  Permian    ",Permian,Phanerozoic,Paleozoic,Permian,,,"Phanerozoic Paleozoic  Permian   ",Permian,299.00000000000,251.00000000000,Relative
OKPpo;0,Phanerozoic,Paleozoic,Permian,,,"Phanerozoic Paleozoic  Permian    ",Permian,Phanerozoic,Paleozoic,Permian,,,"Phanerozoic Paleozoic  Permian   ",Permian,299.00000000000,251.00000000000,Relative
OKPsp;0,Phanerozoic,Paleozoic,Permian,,,"Phanerozoic Paleozoic  Permian    ",Permian,Phanerozoic,Paleozoic,Permian,,,"Phanerozoic Paleozoic  Permian   ",Permian,299.00000000000,251.00000000000,Relative
OKPp;0,Phanerozoic,Paleozoic,Permian,,,"Phanerozoic Paleozoic  Permian    ",Permian,Phanerozoic,Paleozoic,Permian,,,"Phanerozoic Paleozoic  Permian   ",Permian,299.00000000000,251.00000000000,Relative
OKPk;0,Phanerozoic,Paleozoic,Permian,,,"Phanerozoic Paleozoic  Permian    ",Permian,Phanerozoic,Paleozoic,Permian,,,"Phanerozoic Paleozoic  Permian   ",Permian,299.00000000000,251.00000000000,Relative
OKPfa;0,Phanerozoic,Paleozoic,Permian,,,"Phanerozoic Paleozoic  Permian    ",Permian,Phanerozoic,Paleozoic,Permian,,,"Phanerozoic Paleozoic  Permian   ",Permian,299.00000000000,251.00000000000,Relative
OKPg;0,Phanerozoic,Paleozoic,Permian,,,"Phanerozoic Paleozoic  Permian    ",Permian,Phanerozoic,Paleozoic,Permian,,,"Phanerozoic Paleozoic  Permian   ",Permian,299.00000000000,251.00000000000,Relative
OKPw;0,Phanerozoic,Paleozoic,Permian,,,"Phanerozoic Paleozoic  Permian    ",Permian,Phanerozoic,Paleozoic,Permian,,,"Phanerozoic Paleozoic  Permian   ",Permian,299.00000000000,251.00000000000,Relative
OKPu;0,Phanerozoic,Paleozoic,Permian,,,"Phanerozoic Paleozoic  Permian    ",Permian,Phanerozoic,Paleozoic,Permian,,,"Phanerozoic Paleozoic  Permian   ",Permian,299.00000000000,251.00000000000,Relative
OKPAo;0,Phanerozoic,Paleozoic,Carboniferous,Pennsylvanian,,"Phanerozoic Paleozoic  Carboniferous    Pennsylvanian",Pennsylvanian,Phanerozoic,Paleozoic,Carboniferous,Pennsylvanian,,"Phanerozoic Paleozoic  Carboniferous   Pennsylvanian",Pennsylvanian,318.10000000000,299.00000000000,Relative
OKPAv;0,Phanerozoic,Paleozoic,Carboniferous,Pennsylvanian,,"Phanerozoic Paleozoic  Carboniferous    Pennsylvanian",Pennsylvanian,Phanerozoic,Paleozoic,Carboniferous,Pennsylvanian,,"Phanerozoic Paleozoic  Carboniferous   Pennsylvanian",Pennsylvanian,318.10000000000,299.00000000000,Relative
OKPAa;0,Phanerozoic,Paleozoic,Carboniferous,Pennsylvanian,,"Phanerozoic Paleozoic  Carboniferous    Pennsylvanian",Pennsylvanian,Phanerozoic,Paleozoic,Carboniferous,Pennsylvanian,,"Phanerozoic Paleozoic  Carboniferous   Pennsylvanian",Pennsylvanian,318.10000000000,299.00000000000,Relative
OKPAva;0,Phanerozoic,Paleozoic,Carboniferous,Pennsylvanian,,"Phanerozoic Paleozoic  Carboniferous    Pennsylvanian",Pennsylvanian,Phanerozoic,Paleozoic,Carboniferous,Pennsylvanian,,"Phanerozoic Paleozoic  Carboniferous   Pennsylvanian",Pennsylvanian,318.10000000000,299.00000000000,Relative
OKPAho;0,Phanerozoic,Paleozoic,Carboniferous,Pennsylvanian,,"Phanerozoic Paleozoic  Carboniferous    Pennsylvanian",Pennsylvanian,Phanerozoic,Paleozoic,Carboniferous,Pennsylvanian,,"Phanerozoic Paleozoic  Carboniferous   Pennsylvanian",Pennsylvanian,318.10000000000,299.00000000000,Relative
OKPAht;0,Phanerozoic,Paleozoic,Carboniferous,Pennsylvanian,,"Phanerozoic Paleozoic  Carboniferous    Pennsylvanian",Pennsylvanian,Phanerozoic,Paleozoic,Carboniferous,Pennsylvanian,,"Phanerozoic Paleozoic  Carboniferous   Pennsylvanian",Pennsylvanian,318.10000000000,299.00000000000,Relative
OKPAbv;0,Phanerozoic,Paleozoic,Carboniferous,Pennsylvanian,,"Phanerozoic Paleozoic  Carboniferous    Pennsylvanian",Pennsylvanian,Phanerozoic,Paleozoic,Carboniferous,Pennsylvanian,,"Phanerozoic Paleozoic  Carboniferous   Pennsylvanian",Pennsylvanian,318.10000000000,299.00000000000,Relative
OKPAto;0,Phanerozoic,Paleozoic,Carboniferous,Pennsylvanian,,"Phanerozoic Paleozoic  Carboniferous    Pennsylvanian",Pennsylvanian,Phanerozoic,Paleozoic,Carboniferous,Pennsylvanian,,"Phanerozoic Paleozoic  Carboniferous   Pennsylvanian",Pennsylvanian,318.10000000000,299.00000000000,Relative
OKPAwi;0,Phanerozoic,Paleozoic,Carboniferous,Pennsylvanian,,"Phanerozoic Paleozoic  Carboniferous    Pennsylvanian",Pennsylvanian,Phanerozoic,Paleozoic,Carboniferous,Pennsylvanian,,"Phanerozoic Paleozoic  Carboniferous   Pennsylvanian",Pennsylvanian,318.10000000000,299.00000000000,Relative
OKPAch;0,Phanerozoic,Paleozoic,Carboniferous,Pennsylvanian,,"Phanerozoic Paleozoic  Carboniferous    Pennsylvanian",Pennsylvanian,Phanerozoic,Paleozoic,Carboniferous,Pennsylvanian,,"Phanerozoic Paleozoic  Carboniferous   Pennsylvanian",Pennsylvanian,318.10000000000,299.00000000000,Relative
OKPAb;0,Phanerozoic,Paleozoic,Carboniferous,Pennsylvanian,,"Phanerozoic Paleozoic  Carboniferous    Pennsylvanian",Pennsylvanian,Phanerozoic,Paleozoic,Carboniferous,Pennsylvanian,,"Phanerozoic Paleozoic  Carboniferous   Pennsylvanian",Pennsylvanian,318.10000000000,299.00000000000,Relative
OKPAta;0,Phanerozoic,Paleozoic,Carboniferous,Pennsylvanian,,"Phanerozoic Paleozoic  Carboniferous    Pennsylvanian",Pennsylvanian,Phanerozoic,Paleozoic,Carboniferous,Pennsylvanian,,"Phanerozoic Paleozoic  Carboniferous   Pennsylvanian",Pennsylvanian,318.10000000000,299.00000000000,Relative
OKPAbd;0,Phanerozoic,Paleozoic,Carboniferous,Pennsylvanian,,"Phanerozoic Paleozoic  Carboniferous    Pennsylvanian",Pennsylvanian,Phanerozoic,Paleozoic,Carboniferous,Pennsylvanian,,"Phanerozoic Paleozoic  Carboniferous   Pennsylvanian",Pennsylvanian,318.10000000000,299.00000000000,Relative
OKPAn;0,Phanerozoic,Paleozoic,Carboniferous,Pennsylvanian,,"Phanerozoic Paleozoic  Carboniferous    Pennsylvanian",Pennsylvanian,Phanerozoic,Paleozoic,Carboniferous,Pennsylvanian,,"Phanerozoic Paleozoic  Carboniferous   Pennsylvanian",Pennsylvanian,318.10000000000,299.00000000000,Relative
OKPAhg;0,Phanerozoic,Paleozoic,Carboniferous,Pennsylvanian,,"Phanerozoic Paleozoic  Carboniferous    Pennsylvanian",Pennsylvanian,Phanerozoic,Paleozoic,Carboniferous,Pennsylvanian,,"Phanerozoic Paleozoic  Carboniferous   Pennsylvanian",Pennsylvanian,318.10000000000,299.00000000000,Relative
OKPAd;0,Phanerozoic,Paleozoic,Carboniferous,Pennsylvanian,,"Phanerozoic Paleozoic  Carboniferous    Pennsylvanian",Pennsylvanian,Phanerozoic,Paleozoic,Carboniferous,Pennsylvanian,,"Phanerozoic Paleozoic  Carboniferous   Pennsylvanian",Pennsylvanian,318.10000000000,299.00000000000,Relative
OKPAnh;0,Phanerozoic,Paleozoic,Carboniferous,Pennsylvanian,,"Phanerozoic Paleozoic  Carboniferous    Pennsylvanian",Pennsylvanian,Phanerozoic,Paleozoic,Carboniferous,Pennsylvanian,,"Phanerozoic Paleozoic  Carboniferous   Pennsylvanian",Pennsylvanian,318.10000000000,299.00000000000,Relative
OKPAcf;0,Phanerozoic,Paleozoic,Carboniferous,Pennsylvanian,,"Phanerozoic Paleozoic  Carboniferous    Pennsylvanian",Pennsylvanian,Phanerozoic,Paleozoic,Carboniferous,Pennsylvanian,,"Phanerozoic Paleozoic  Carboniferous   Pennsylvanian",Pennsylvanian,318.10000000000,299.00000000000,Relative
OKPAcc;0,Phanerozoic,Paleozoic,Carboniferous,Pennsylvanian,,"Phanerozoic Paleozoic  Carboniferous    Pennsylvanian",Pennsylvanian,Phanerozoic,Paleozoic,Carboniferous,Pennsylvanian,,"Phanerozoic Paleozoic  Carboniferous   Pennsylvanian",Pennsylvanian,318.10000000000,299.00000000000,Relative
OKPAde;0,Phanerozoic,Paleozoic,Carboniferous,Pennsylvanian,,"Phanerozoic Paleozoic  Carboniferous    Pennsylvanian",Pennsylvanian,Phanerozoic,Paleozoic,Carboniferous,Pennsylvanian,,"Phanerozoic Paleozoic  Carboniferous   Pennsylvanian",Pennsylvanian,318.10000000000,299.00000000000,Relative
OKPAdo;0,Phanerozoic,Paleozoic,Carboniferous,Pennsylvanian,,"Phanerozoic Paleozoic  Carboniferous    Pennsylvanian",Pennsylvanian,Phanerozoic,Paleozoic,Carboniferous,Pennsylvanian,,"Phanerozoic Paleozoic  Carboniferous   Pennsylvanian",Pennsylvanian,318.10000000000,299.00000000000,Relative
OKPAsl;0,Phanerozoic,Paleozoic,Carboniferous,Pennsylvanian,,"Phanerozoic Paleozoic  Carboniferous    Pennsylvanian",Pennsylvanian,Phanerozoic,Paleozoic,Carboniferous,Pennsylvanian,,"Phanerozoic Paleozoic  Carboniferous   Pennsylvanian",Pennsylvanian,318.10000000000,299.00000000000,Relative
OKPAh;0,Phanerozoic,Paleozoic,Carboniferous,Pennsylvanian,,"Phanerozoic Paleozoic  Carboniferous    Pennsylvanian",Pennsylvanian,Phanerozoic,Paleozoic,Carboniferous,Pennsylvanian,,"Phanerozoic Paleozoic  Carboniferous   Pennsylvanian",Pennsylvanian,318.10000000000,299.00000000000,Relative
OKPAlp;0,Phanerozoic,Paleozoic,Carboniferous,Pennsylvanian,,"Phanerozoic Paleozoic  Carboniferous    Pennsylvanian",Pennsylvanian,Phanerozoic,Paleozoic,Carboniferous,Pennsylvanian,,"Phanerozoic Paleozoic  Carboniferous   Pennsylvanian",Pennsylvanian,318.10000000000,299.00000000000,Relative
OKPAhu;0,Phanerozoic,Paleozoic,Carboniferous,Pennsylvanian,,"Phanerozoic Paleozoic  Carboniferous    Pennsylvanian",Pennsylvanian,Phanerozoic,Paleozoic,Carboniferous,Pennsylvanian,,"Phanerozoic Paleozoic  Carboniferous   Pennsylvanian",Pennsylvanian,318.10000000000,299.00000000000,Relative
OKPAhl;0,Phanerozoic,Paleozoic,Carboniferous,Pennsylvanian,,"Phanerozoic Paleozoic  Carboniferous    Pennsylvanian",Pennsylvanian,Phanerozoic,Paleozoic,Carboniferous,Pennsylvanian,,"Phanerozoic Paleozoic  Carboniferous   Pennsylvanian",Pennsylvanian,318.10000000000,299.00000000000,Relative
OKPAnw;0,Phanerozoic,Paleozoic,Carboniferous,Pennsylvanian,,"Phanerozoic Paleozoic  Carboniferous    Pennsylvanian",Pennsylvanian,Phanerozoic,Paleozoic,Carboniferous,Pennsylvanian,,"Phanerozoic Paleozoic  Carboniferous   Pennsylvanian",Pennsylvanian,318.10000000000,299.00000000000,Relative
OKPAol;0,Phanerozoic,Paleozoic,Carboniferous,Pennsylvanian,,"Phanerozoic Paleozoic  Carboniferous    Pennsylvanian",Pennsylvanian,Phanerozoic,Paleozoic,Carboniferous,Pennsylvanian,,"Phanerozoic Paleozoic  Carboniferous   Pennsylvanian",Pennsylvanian,318.10000000000,299.00000000000,Relative
OKPAw;0,Phanerozoic,Paleozoic,Carboniferous,Pennsylvanian,,"Phanerozoic Paleozoic  Carboniferous    Pennsylvanian",Pennsylvanian,Phanerozoic,Paleozoic,Carboniferous,Pennsylvanian,,"Phanerozoic Paleozoic  Carboniferous   Pennsylvanian",Pennsylvanian,318.10000000000,299.00000000000,Relative
OKPAwe;0,Phanerozoic,Paleozoic,Carboniferous,Pennsylvanian,,"Phanerozoic Paleozoic  Carboniferous    Pennsylvanian",Pennsylvanian,Phanerozoic,Paleozoic,Carboniferous,Pennsylvanian,,"Phanerozoic Paleozoic  Carboniferous   Pennsylvanian",Pennsylvanian,318.10000000000,299.00000000000,Relative
OKPAca;0,Phanerozoic,Paleozoic,Carboniferous,Pennsylvanian,,"Phanerozoic Paleozoic  Carboniferous    Pennsylvanian",Pennsylvanian,Phanerozoic,Paleozoic,Carboniferous,Pennsylvanian,,"Phanerozoic Paleozoic  Carboniferous   Pennsylvanian",Pennsylvanian,318.10000000000,299.00000000000,Relative
OKPAlb;0,Phanerozoic,Paleozoic,Carboniferous,Pennsylvanian,,"Phanerozoic Paleozoic  Carboniferous    Pennsylvanian",Pennsylvanian,Phanerozoic,Paleozoic,Carboniferous,Pennsylvanian,,"Phanerozoic Paleozoic  Carboniferous   Pennsylvanian",Pennsylvanian,318.10000000000,299.00000000000,Relative
OKPAfs;0,Phanerozoic,Paleozoic,Carboniferous,Pennsylvanian,,"Phanerozoic Paleozoic  Carboniferous    Pennsylvanian",Pennsylvanian,Phanerozoic,Paleozoic,Carboniferous,Pennsylvanian,,"Phanerozoic Paleozoic  Carboniferous   Pennsylvanian",Pennsylvanian,318.10000000000,299.00000000000,Relative
OKPAse;0,Phanerozoic,Paleozoic,Carboniferous,Pennsylvanian,,"Phanerozoic Paleozoic  Carboniferous    Pennsylvanian",Pennsylvanian,Phanerozoic,Paleozoic,Carboniferous,Pennsylvanian,,"Phanerozoic Paleozoic  Carboniferous   Pennsylvanian",Pennsylvanian,318.10000000000,299.00000000000,Relative
OKPAst;0,Phanerozoic,Paleozoic,Carboniferous,Pennsylvanian,,"Phanerozoic Paleozoic  Carboniferous    Pennsylvanian",Pennsylvanian,Phanerozoic,Paleozoic,Carboniferous,Pennsylvanian,,"Phanerozoic Paleozoic  Carboniferous   Pennsylvanian",Pennsylvanian,318.10000000000,299.00000000000,Relative
OKPAth;0,Phanerozoic,Paleozoic,Carboniferous,Pennsylvanian,,"Phanerozoic Paleozoic  Carboniferous    Pennsylvanian",Pennsylvanian,Phanerozoic,Paleozoic,Carboniferous,Pennsylvanian,,"Phanerozoic Paleozoic  Carboniferous   Pennsylvanian",Pennsylvanian,318.10000000000,299.00000000000,Relative
OKPAbo;0,Phanerozoic,Paleozoic,Carboniferous,Pennsylvanian,,"Phanerozoic Paleozoic  Carboniferous    Pennsylvanian",Pennsylvanian,Phanerozoic,Paleozoic,Carboniferous,Pennsylvanian,,"Phanerozoic Paleozoic  Carboniferous   Pennsylvanian",Pennsylvanian,318.10000000000,299.00000000000,Relative
OKPAbj;0,Phanerozoic,Paleozoic,Carboniferous,Pennsylvanian,,"Phanerozoic Paleozoic  Carboniferous    Pennsylvanian",Pennsylvanian,Phanerozoic,Paleozoic,Carboniferous,Pennsylvanian,,"Phanerozoic Paleozoic  Carboniferous   Pennsylvanian",Pennsylvanian,318.10000000000,299.00000000000,Relative
OKPAsa;0,Phanerozoic,Paleozoic,Carboniferous,Pennsylvanian,,"Phanerozoic Paleozoic  Carboniferous    Pennsylvanian",Pennsylvanian,Phanerozoic,Paleozoic,Carboniferous,Pennsylvanian,,"Phanerozoic Paleozoic  Carboniferous   Pennsylvanian",Pennsylvanian,318.10000000000,299.00000000000,Relative
OKPAm;0,Phanerozoic,Paleozoic,Carboniferous,Pennsylvanian,,"Phanerozoic Paleozoic  Carboniferous    Pennsylvanian",Pennsylvanian,Phanerozoic,Paleozoic,Carboniferous,Pennsylvanian,,"Phanerozoic Paleozoic  Carboniferous   Pennsylvanian",Pennsylvanian,318.10000000000,299.00000000000,Relative
OKPAsm;0,Phanerozoic,Paleozoic,Carboniferous,Pennsylvanian,,"Phanerozoic Paleozoic  Carboniferous    Pennsylvanian",Pennsylvanian,Phanerozoic,Paleozoic,Carboniferous,Pennsylvanian,,"Phanerozoic Paleozoic  Carboniferous   Pennsylvanian",Pennsylvanian,318.10000000000,299.00000000000,Relative
OKPAha;0,Phanerozoic,Paleozoic,Carboniferous,Pennsylvanian,,"Phanerozoic Paleozoic  Carboniferous    Pennsylvanian",Pennsylvanian,Phanerozoic,Paleozoic,Carboniferous,Pennsylvanian,,"Phanerozoic Paleozoic  Carboniferous   Pennsylvanian",Pennsylvanian,318.10000000000,299.00000000000,Relative
OKPAmh;0,Phanerozoic,Paleozoic,Carboniferous,Pennsylvanian,,"Phanerozoic Paleozoic  Carboniferous    Pennsylvanian",Pennsylvanian,Phanerozoic,Paleozoic,Carboniferous,Pennsylvanian,,"Phanerozoic Paleozoic  Carboniferous   Pennsylvanian",Pennsylvanian,318.10000000000,299.00000000000,Relative
OKPAsmh;0,Phanerozoic,Paleozoic,Carboniferous,Pennsylvanian,,"Phanerozoic Paleozoic  Carboniferous    Pennsylvanian",Pennsylvanian,Phanerozoic,Paleozoic,Carboniferous,Pennsylvanian,,"Phanerozoic Paleozoic  Carboniferous   Pennsylvanian",Pennsylvanian,318.10000000000,299.00000000000,Relative
OKPAat;0,Phanerozoic,Paleozoic,Carboniferous,Pennsylvanian,,"Phanerozoic Paleozoic  Carboniferous    Pennsylvanian",Pennsylvanian,Phanerozoic,Paleozoic,Carboniferous,Pennsylvanian,,"Phanerozoic Paleozoic  Carboniferous   Pennsylvanian",Pennsylvanian,318.10000000000,299.00000000000,Relative
OKPAlm;0,Phanerozoic,Paleozoic,Carboniferous,Pennsylvanian,,"Phanerozoic Paleozoic  Carboniferous    Pennsylvanian",Pennsylvanian,Phanerozoic,Paleozoic,Carboniferous,Pennsylvanian,,"Phanerozoic Paleozoic  Carboniferous   Pennsylvanian",Pennsylvanian,318.10000000000,299.00000000000,Relative
OKPAsma;0,Phanerozoic,Paleozoic,Carboniferous,Pennsylvanian,,"Phanerozoic Paleozoic  Carboniferous    Pennsylvanian",Pennsylvanian,Phanerozoic,Paleozoic,Carboniferous,Pennsylvanian,,"Phanerozoic Paleozoic  Carboniferous   Pennsylvanian",Pennsylvanian,318.10000000000,299.00000000000,Relative
OKPAbh;0,Phanerozoic,Paleozoic,Carboniferous,Pennsylvanian,,"Phanerozoic Paleozoic  Carboniferous    Pennsylvanian",Pennsylvanian,Phanerozoic,Paleozoic,Carboniferous,Pennsylvanian,,"Phanerozoic Paleozoic  Carboniferous   Pennsylvanian",Pennsylvanian,318.10000000000,299.00000000000,Relative
OKPAwa;0,Phanerozoic,Paleozoic,Carboniferous,Pennsylvanian,,"Phanerozoic Paleozoic  Carboniferous    Pennsylvanian",Pennsylvanian,Phanerozoic,Paleozoic,Carboniferous,Pennsylvanian,,"Phanerozoic Paleozoic  Carboniferous   Pennsylvanian",Pennsylvanian,318.10000000000,299.00000000000,Relative
OKPAwal;0,Phanerozoic,Paleozoic,Carboniferous,Pennsylvanian,,"Phanerozoic Paleozoic  Carboniferous    Pennsylvanian",Pennsylvanian,Phanerozoic,Paleozoic,Carboniferous,Pennsylvanian,,"Phanerozoic Paleozoic  Carboniferous   Pennsylvanian",Pennsylvanian,318.10000000000,299.00000000000,Relative
OKPAwas;0,Phanerozoic,Paleozoic,Carboniferous,Pennsylvanian,,"Phanerozoic Paleozoic  Carboniferous    Pennsylvanian",Pennsylvanian,Phanerozoic,Paleozoic,Carboniferous,Pennsylvanian,,"Phanerozoic Paleozoic  Carboniferous   Pennsylvanian",Pennsylvanian,318.10000000000,299.00000000000,Relative
OKPAwc;0,Phanerozoic,Paleozoic,Carboniferous,Pennsylvanian,,"Phanerozoic Paleozoic  Carboniferous    Pennsylvanian",Pennsylvanian,Phanerozoic,Paleozoic,Carboniferous,Pennsylvanian,,"Phanerozoic Paleozoic  Carboniferous   Pennsylvanian",Pennsylvanian,318.10000000000,299.00000000000,Relative
OKPAlg;0,Phanerozoic,Paleozoic,Carboniferous,Pennsylvanian,,"Phanerozoic Paleozoic  Carboniferous    Pennsylvanian",Pennsylvanian,Phanerozoic,Paleozoic,Carboniferous,Pennsylvanian,,"Phanerozoic Paleozoic  Carboniferous   Pennsylvanian",Pennsylvanian,318.10000000000,299.00000000000,Relative
OKPAul;0,Phanerozoic,Paleozoic,Carboniferous,Pennsylvanian,,"Phanerozoic Paleozoic  Carboniferous    Pennsylvanian",Pennsylvanian,Phanerozoic,Paleozoic,Carboniferous,Pennsylvanian,,"Phanerozoic Paleozoic  Carboniferous   Pennsylvanian",Pennsylvanian,318.10000000000,299.00000000000,Relative
OKPAus;0,Phanerozoic,Paleozoic,Carboniferous,Pennsylvanian,,"Phanerozoic Paleozoic  Carboniferous    Pennsylvanian",Pennsylvanian,Phanerozoic,Paleozoic,Carboniferous,Pennsylvanian,,"Phanerozoic Paleozoic  Carboniferous   Pennsylvanian",Pennsylvanian,318.10000000000,299.00000000000,Relative
OKPAjv;0,Phanerozoic,Paleozoic,Carboniferous,Pennsylvanian,,"Phanerozoic Paleozoic  Carboniferous    Pennsylvanian",Pennsylvanian,Phanerozoic,Paleozoic,Carboniferous,Pennsylvanian,,"Phanerozoic Paleozoic  Carboniferous   Pennsylvanian",Pennsylvanian,318.10000000000,299.00000000000,Relative
OKPAjf;0,Phanerozoic,Paleozoic,Carboniferous,Pennsylvanian,,"Phanerozoic Paleozoic  Carboniferous    Pennsylvanian",Pennsylvanian,Phanerozoic,Paleozoic,Carboniferous,Pennsylvanian,,"Phanerozoic Paleozoic  Carboniferous   Pennsylvanian",Pennsylvanian,318.10000000000,299.00000000000,Relative
OKPAmo;0,Phanerozoic,Paleozoic,Carboniferous,Pennsylvanian,,"Phanerozoic Paleozoic  Carboniferous    Pennsylvanian",Pennsylvanian,Phanerozoic,Paleozoic,Carboniferous,Pennsylvanian,,"Phanerozoic Paleozoic  Carboniferous   Pennsylvanian",Pennsylvanian,318.10000000000,299.00000000000,Relative
OKPAma;0,Phanerozoic,Paleozoic,Carboniferous,Pennsylvanian,,"Phanerozoic Paleozoic  Carboniferous    Pennsylvanian",Pennsylvanian,Phanerozoic,Paleozoic,Carboniferous,Pennsylvanian,,"Phanerozoic Paleozoic  Carboniferous   Pennsylvanian",Pennsylvanian,318.10000000000,299.00000000000,Relative
OKPAu;0,Phanerozoic,Paleozoic,Carboniferous,Pennsylvanian,,"Phanerozoic Paleozoic  Carboniferous    Pennsylvanian",Pennsylvanian,Phanerozoic,Paleozoic,Carboniferous,Pennsylvanian,,"Phanerozoic Paleozoic  Carboniferous   Pennsylvanian",Pennsylvanian,318.10000000000,299.00000000000,Relative
OKMp;0,Phanerozoic,Paleozoic,Carboniferous,Mississippian,,"Phanerozoic Paleozoic  Carboniferous    Mississippian",Mississippian,Phanerozoic,Paleozoic,Carboniferous,Mississippian,,"Phanerozoic Paleozoic  Carboniferous   Mississippian",Mississippian,359.20000000000,318.10000000000,Relative
OKMpfh;0,Phanerozoic,Paleozoic,Carboniferous,Mississippian,,"Phanerozoic Paleozoic  Carboniferous    Mississippian",Mississippian,Phanerozoic,Paleozoic,Carboniferous,Mississippian,,"Phanerozoic Paleozoic  Carboniferous   Mississippian",Mississippian,359.20000000000,318.10000000000,Relative
OKMg;0,Phanerozoic,Paleozoic,Carboniferous,Mississippian,,"Phanerozoic Paleozoic  Carboniferous    Mississippian",Mississippian,Phanerozoic,Paleozoic,Carboniferous,Mississippian,,"Phanerozoic Paleozoic  Carboniferous   Mississippian",Mississippian,359.20000000000,318.10000000000,Relative
OKMd;0,Phanerozoic,Paleozoic,Carboniferous,Mississippian,,"Phanerozoic Paleozoic  Carboniferous    Mississippian",Mississippian,Phanerozoic,Paleozoic,Carboniferous,Mississippian,,"Phanerozoic Paleozoic  Carboniferous   Mississippian",Mississippian,359.20000000000,318.10000000000,Relative
OKMsw;0,Phanerozoic,Paleozoic,Carboniferous,Mississippian,,"Phanerozoic Paleozoic  Carboniferous    Mississippian",Mississippian,Phanerozoic,Paleozoic,Carboniferous,Mississippian,,"Phanerozoic Paleozoic  Carboniferous   Mississippian",Mississippian,359.20000000000,318.10000000000,Relative
OKMst;0,Phanerozoic,Paleozoic,Carboniferous,Mississippian,,"Phanerozoic Paleozoic  Carboniferous    Mississippian",Mississippian,Phanerozoic,Paleozoic,Carboniferous,Mississippian,,"Phanerozoic Paleozoic  Carboniferous   Mississippian",Mississippian,359.20000000000,318.10000000000,Relative
OKMkr;0,Phanerozoic,Paleozoic,Carboniferous,Mississippian,,"Phanerozoic Paleozoic  Carboniferous    Mississippian",Mississippian,Phanerozoic,Paleozoic,Carboniferous,Mississippian,,"Phanerozoic Paleozoic  Carboniferous   Mississippian",Mississippian,359.20000000000,318.10000000000,Relative
OKMu;0,Phanerozoic,Paleozoic,Carboniferous,Mississippian,,"Phanerozoic Paleozoic  Carboniferous    Mississippian",Mississippian,Phanerozoic,Paleozoic,Carboniferous,Mississippian,,"Phanerozoic Paleozoic  Carboniferous   Mississippian",Mississippian,359.20000000000,318.10000000000,Relative
OKMDw;0,Phanerozoic,Paleozoic,Carboniferous,Mississippian,,"Phanerozoic Paleozoic  Carboniferous    Mississippian",Mississippian,Phanerozoic,Paleozoic,Devonian,Late-Devonian,,"Phanerozoic Paleozoic  Devonian   Late-Devonian",Late-Devonian,385.30000000000,318.10000000000,Relative
OKMDSa;0,Phanerozoic,Paleozoic,Carboniferous,Mississippian,,"Phanerozoic Paleozoic  Carboniferous    Mississippian",Mississippian,Phanerozoic,Paleozoic,Silurian,,,"Phanerozoic Paleozoic  Silurian   ",Silurian,443.70000000000,318.10000000000,Relative
OKMDSO;0,Phanerozoic,Paleozoic,Carboniferous,Mississippian,,"Phanerozoic Paleozoic  Carboniferous    Mississippian",Mississippian,Phanerozoic,Paleozoic,Ordovician,Early-Ordovician,,"Phanerozoic Paleozoic  Ordovician   Early-Ordovician",Early-Ordovician,488.30000000000,318.10000000000,Relative
OKMDO;0,Phanerozoic,Paleozoic,Carboniferous,Mississippian,,"Phanerozoic Paleozoic  Carboniferous    Mississippian",Mississippian,Phanerozoic,Paleozoic,Ordovician,Early-Ordovician,,"Phanerozoic Paleozoic  Ordovician   Early-Ordovician",Early-Ordovician,488.30000000000,318.10000000000,Relative
OKDa;0,Phanerozoic,Paleozoic,Devonian,Late-Devonian,,"Phanerozoic Paleozoic  Devonian    Late-Devonian",Late-Devonian,Phanerozoic,Paleozoic,Devonian,Late-Devonian,,"Phanerozoic Paleozoic  Devonian   Late-Devonian",Late-Devonian,385.30000000000,359.20000000000,Relative
OKDw;0,Phanerozoic,Paleozoic,Devonian,Late-Devonian,,"Phanerozoic Paleozoic  Devonian    Late-Devonian",Late-Devonian,Phanerozoic,Paleozoic,Devonian,Late-Devonian,,"Phanerozoic Paleozoic  Devonian   Late-Devonian",Late-Devonian,385.30000000000,359.20000000000,Relative
OKDp;0,Phanerozoic,Paleozoic,Devonian,Early-Devonian,,"Phanerozoic Paleozoic  Devonian    Early-Devonian",Early-Devonian,Phanerozoic,Paleozoic,Devonian,Early-Devonian,,"Phanerozoic Paleozoic  Devonian   Early-Devonian",Early-Devonian,416.00000000000,397.50000000000,Relative
OKDSh;0,Phanerozoic,Paleozoic,Devonian,Early-Devonian,,"Phanerozoic Paleozoic  Devonian    Early-Devonian",Early-Devonian,Phanerozoic,Paleozoic,Silurian,,,"Phanerozoic Paleozoic  Silurian   ",Silurian,443.70000000000,397.50000000000,Relative
OKSm;0,Phanerozoic,Paleozoic,Silurian,,,"Phanerozoic Paleozoic  Silurian    ",Silurian,Phanerozoic,Paleozoic,Silurian,,,"Phanerozoic Paleozoic  Silurian   ",Silurian,443.70000000000,416.00000000000,Relative
OKSb;0,Phanerozoic,Paleozoic,Silurian,,,"Phanerozoic Paleozoic  Silurian    ",Silurian,Phanerozoic,Paleozoic,Silurian,,,"Phanerozoic Paleozoic  Silurian   ",Silurian,443.70000000000,416.00000000000,Relative
OKSmb;0,Phanerozoic,Paleozoic,Silurian,,,"Phanerozoic Paleozoic  Silurian    ",Silurian,Phanerozoic,Paleozoic,Silurian,,,"Phanerozoic Paleozoic  Silurian   ",Silurian,443.70000000000,416.00000000000,Relative
OKSmOp;0,Phanerozoic,Paleozoic,Silurian,,,"Phanerozoic Paleozoic  Silurian    ",Silurian,Phanerozoic,Paleozoic,Ordovician,Late-Ordovician,,"Phanerozoic Paleozoic  Ordovician   Late-Ordovician",Late-Ordovician,460.90000000000,416.00000000000,Relative
OKOp;0,Phanerozoic,Paleozoic,Ordovician,Late-Ordovician,,"Phanerozoic Paleozoic  Ordovician    Late-Ordovician",Late-Ordovician,Phanerozoic,Paleozoic,Ordovician,Late-Ordovician,,"Phanerozoic Paleozoic  Ordovician   Late-Ordovician",Late-Ordovician,460.90000000000,443.70000000000,Relative
OKObf;0,Phanerozoic,Paleozoic,Ordovician,Middle-Ordovician,,"Phanerozoic Paleozoic  Ordovician    Middle-Ordovician",Middle-Ordovician,Phanerozoic,Paleozoic,Ordovician,Middle-Ordovician,,"Phanerozoic Paleozoic  Ordovician   Middle-Ordovician",Middle-Ordovician,471.80000000000,460.90000000000,Relative
OKOw;0,Phanerozoic,Paleozoic,Ordovician,Middle-Ordovician,,"Phanerozoic Paleozoic  Ordovician    Middle-Ordovician",Middle-Ordovician,Phanerozoic,Paleozoic,Ordovician,Early-Ordovician,,"Phanerozoic Paleozoic  Ordovician   Early-Ordovician",Early-Ordovician,488.30000000000,460.90000000000,Relative
OKOvb;0,Phanerozoic,Paleozoic,Ordovician,Late-Ordovician,,"Phanerozoic Paleozoic  Ordovician    Late-Ordovician",Late-Ordovician,Phanerozoic,Paleozoic,Ordovician,Late-Ordovician,,"Phanerozoic Paleozoic  Ordovician   Late-Ordovician",Late-Ordovician,460.90000000000,443.70000000000,Relative
OKOsfv;0,Phanerozoic,Paleozoic,Ordovician,Late-Ordovician,,"Phanerozoic Paleozoic  Ordovician    Late-Ordovician",Late-Ordovician,Phanerozoic,Paleozoic,Ordovician,Middle-Ordovician,,"Phanerozoic Paleozoic  Ordovician   Middle-Ordovician",Middle-Ordovician,471.80000000000,443.70000000000,Relative
OKObm;0,Phanerozoic,Paleozoic,Ordovician,Middle-Ordovician,,"Phanerozoic Paleozoic  Ordovician    Middle-Ordovician",Middle-Ordovician,Phanerozoic,Paleozoic,Ordovician,Middle-Ordovician,,"Phanerozoic Paleozoic  Ordovician   Middle-Ordovician",Middle-Ordovician,471.80000000000,460.90000000000,Relative
OKOoj;0,Phanerozoic,Paleozoic,Ordovician,Middle-Ordovician,,"Phanerozoic Paleozoic  Ordovician    Middle-Ordovician",Middle-Ordovician,Phanerozoic,Paleozoic,Ordovician,Middle-Ordovician,,"Phanerozoic Paleozoic  Ordovician   Middle-Ordovician",Middle-Ordovician,471.80000000000,460.90000000000,Relative
OKOws;0,Phanerozoic,Paleozoic,Ordovician,Early-Ordovician,,"Phanerozoic Paleozoic  Ordovician    Early-Ordovician",Early-Ordovician,Phanerozoic,Paleozoic,Ordovician,Early-Ordovician,,"Phanerozoic Paleozoic  Ordovician   Early-Ordovician",Early-Ordovician,488.30000000000,471.80000000000,Relative
OKOua;0,Phanerozoic,Paleozoic,Ordovician,Early-Ordovician,,"Phanerozoic Paleozoic  Ordovician    Early-Ordovician",Early-Ordovician,Phanerozoic,Paleozoic,Ordovician,Early-Ordovician,,"Phanerozoic Paleozoic  Ordovician   Early-Ordovician",Early-Ordovician,488.30000000000,471.80000000000,Relative
OKOk;0,Phanerozoic,Paleozoic,Ordovician,Early-Ordovician,,"Phanerozoic Paleozoic  Ordovician    Early-Ordovician",Early-Ordovician,Phanerozoic,Paleozoic,Ordovician,Early-Ordovician,,"Phanerozoic Paleozoic  Ordovician   Early-Ordovician",Early-Ordovician,488.30000000000,471.80000000000,Relative
OKOwk;0,Phanerozoic,Paleozoic,Ordovician,Early-Ordovician,,"Phanerozoic Paleozoic  Ordovician    Early-Ordovician",Early-Ordovician,Phanerozoic,Paleozoic,Ordovician,Early-Ordovician,,"Phanerozoic Paleozoic  Ordovician   Early-Ordovician",Early-Ordovician,488.30000000000,471.80000000000,Relative
OKOcm;0,Phanerozoic,Paleozoic,Ordovician,Early-Ordovician,,"Phanerozoic Paleozoic  Ordovician    Early-Ordovician",Early-Ordovician,Phanerozoic,Paleozoic,Ordovician,Early-Ordovician,,"Phanerozoic Paleozoic  Ordovician   Early-Ordovician",Early-Ordovician,488.30000000000,471.80000000000,Relative
OKOb;0,Phanerozoic,Paleozoic,Ordovician,Early-Ordovician,,"Phanerozoic Paleozoic  Ordovician    Early-Ordovician",Early-Ordovician,Phanerozoic,Paleozoic,Ordovician,Early-Ordovician,,"Phanerozoic Paleozoic  Ordovician   Early-Ordovician",Early-Ordovician,488.30000000000,471.80000000000,Relative
OKOm;0,Phanerozoic,Paleozoic,Ordovician,Early-Ordovician,,"Phanerozoic Paleozoic  Ordovician    Early-Ordovician",Early-Ordovician,Phanerozoic,Paleozoic,Ordovician,Early-Ordovician,,"Phanerozoic Paleozoic  Ordovician   Early-Ordovician",Early-Ordovician,488.30000000000,471.80000000000,Relative
OKOcs;0,Phanerozoic,Paleozoic,Ordovician,Early-Ordovician,,"Phanerozoic Paleozoic  Ordovician    Early-Ordovician",Early-Ordovician,Phanerozoic,Paleozoic,Ordovician,Early-Ordovician,,"Phanerozoic Paleozoic  Ordovician   Early-Ordovician",Early-Ordovician,488.30000000000,471.80000000000,Relative
OKOc;0,Phanerozoic,Paleozoic,Ordovician,Early-Ordovician,,"Phanerozoic Paleozoic  Ordovician    Early-Ordovician",Early-Ordovician,Phanerozoic,Paleozoic,Cambrian,Furongian,,"Phanerozoic Paleozoic  Cambrian   Furongian",Furongian,501.00000000000,471.80000000000,Relative
OKCAat;0,Phanerozoic,Paleozoic,Cambrian,Furongian,,"Phanerozoic Paleozoic  Cambrian    Furongian",Furongian,Phanerozoic,Paleozoic,Cambrian,Furongian,,"Phanerozoic Paleozoic  Cambrian   Furongian",Furongian,501.00000000000,488.30000000000,Relative
OKCAb;0,Phanerozoic,Paleozoic,Cambrian,Furongian,,"Phanerozoic Paleozoic  Cambrian    Furongian",Furongian,Phanerozoic,Paleozoic,Cambrian,Furongian,,"Phanerozoic Paleozoic  Cambrian   Furongian",Furongian,501.00000000000,488.30000000000,Relative
OKCAth;0,Phanerozoic,Paleozoic,Cambrian,Furongian,,"Phanerozoic Paleozoic  Cambrian    Furongian",Furongian,Phanerozoic,Paleozoic,Cambrian,Furongian,,"Phanerozoic Paleozoic  Cambrian   Furongian",Furongian,501.00000000000,488.30000000000,Relative
OKCAp;0,Phanerozoic,Paleozoic,Cambrian,Middle-Cambrian,,"Phanerozoic Paleozoic  Cambrian    Middle-Cambrian",Middle-Cambrian,Phanerozoic,Paleozoic,Cambrian,Middle-Cambrian,,"Phanerozoic Paleozoic  Cambrian   Middle-Cambrian",Middle-Cambrian,513.00000000000,501.00000000000,Relative
OKCAbf;0,Phanerozoic,Paleozoic,Cambrian,Furongian,,"Phanerozoic Paleozoic  Cambrian    Furongian",Furongian,Phanerozoic,Paleozoic,Cambrian,Furongian,,"Phanerozoic Paleozoic  Cambrian   Furongian",Furongian,501.00000000000,488.30000000000,Relative
OKCAcr;0,Phanerozoic,Paleozoic,Cambrian,Middle-Cambrian,,"Phanerozoic Paleozoic  Cambrian    Middle-Cambrian",Middle-Cambrian,Phanerozoic,Paleozoic,Cambrian,Middle-Cambrian,,"Phanerozoic Paleozoic  Cambrian   Middle-Cambrian",Middle-Cambrian,513.00000000000,501.00000000000,Relative
OKCAwg;0,Phanerozoic,Paleozoic,Cambrian,Middle-Cambrian,,"Phanerozoic Paleozoic  Cambrian    Middle-Cambrian",Middle-Cambrian,Phanerozoic,Paleozoic,Cambrian,Middle-Cambrian,,"Phanerozoic Paleozoic  Cambrian   Middle-Cambrian",Middle-Cambrian,513.00000000000,501.00000000000,Relative
OKCAr;0,Phanerozoic,Paleozoic,Cambrian,Early-Cambrian,,"Phanerozoic Paleozoic  Cambrian    Early-Cambrian",Early-Cambrian,Phanerozoic,Paleozoic,Cambrian,Early-Cambrian,,"Phanerozoic Paleozoic  Cambrian   Early-Cambrian",Early-Cambrian,542.00000000000,513.00000000000,Relative
OKpCAt;0,Proterozoic,Mesoproterozoic,,,,"Proterozoic Mesoproterozoic      ",Mesoproterozoic,Proterozoic,Mesoproterozoic,,,,"Proterozoic Mesoproterozoic     ",Mesoproterozoic,1600.00000000000,1000.00000000000,Relative
OKpCAg;0,Proterozoic,Mesoproterozoic,,,,"Proterozoic Mesoproterozoic      ",Mesoproterozoic,Proterozoic,Mesoproterozoic,,,,"Proterozoic Mesoproterozoic     ",Mesoproterozoic,1600.00000000000,1000.00000000000,Relative
OKd;0,Phanerozoic,Paleozoic,Ordovician,,,"Phanerozoic Paleozoic  Ordovician    ",Ordovician,Phanerozoic,Paleozoic,Ordovician,,,"Phanerozoic Paleozoic  Ordovician   ",Ordovician,488.30000000000,443.70000000000,Relative
