UNIT_LINK,REF_ID
OKQa;0,OK001
OKQa;0,OK002
OKQa;0,OK003
OKQa;0,OK004
OKQa;0,OK005
OKQa;0,OK006
OKQa;0,OK007
OKQal;0,OK001
OKQal;0,OK008
OKQal;0,OK009
OKQal;0,OK010
OKQal;0,OK011
OKQal;0,OK012
OKQal;0,OK013
OKQal;0,OK016
OKQal;0,OK017
OKQal;0,OK020
OKQal;0,OK021
OKQal;0,OK022
OKQal;0,OK023
OKQal;0,OK024
OKQal;0,OK025
OKQd;0,OK001
OKQd;0,OK002
OKQd;0,OK003
OKQd;0,OK004
OKQd;0,OK005
OKQd;0,OK006
OKQd;0,OK007
OKQds;0,OK001
OKQds;0,OK014
OKQds;0,OK015
OKQds;0,OK020
OKQds;0,OK021
OKQt;0,OK001
OKQt;0,OK008
OKQt;0,OK009
OKQt;0,OK010
OKQt;0,OK011
OKQt;0,OK012
OKQt;0,OK013
OKQt;0,OK014
OKQt;0,OK015
OKQt;0,OK016
OKQt;0,OK017
OKQt;0,OK018
OKQt;0,OK019
OKQt;0,OK020
OKQt;0,OK021
OKQt;0,OK022
OKQt;0,OK023
OKQt;0,OK024
OKQt;0,OK025
OKTb;0,OK001
OKTb;0,OK002
OKTb;0,OK003
OKTo;0,OK001
OKTo;0,OK002
OKTo;0,OK003
OKTo;0,OK006
OKTo;0,OK007
OKTo;0,OK008
OKTo;0,OK009
OKTo;0,OK014
OKTo;0,OK015
OKToa;0,OK001
OKToa;0,OK004
OKToa;0,OK005
OKKo;0,OK001
OKKo;0,OK024
OKKo;0,OK025
OKKbr;0,OK001
OKKbr;0,OK024
OKKbr;0,OK025
OKKef;0,OK001
OKKef;0,OK022
OKKef;0,OK023
OKKto;0,OK001
OKKto;0,OK024
OKKto;0,OK025
OKKw;0,OK001
OKKw;0,OK024
OKKw;0,OK025
OKKwt;0,OK001
OKKwt;0,OK022
OKKwt;0,OK023
OKKwl;0,OK001
OKKwl;0,OK022
OKKwl;0,OK023
OKKwr;0,OK001
OKKwr;0,OK022
OKKwr;0,OK023
OKKwd;0,OK001
OKKwd;0,OK022
OKKwd;0,OK023
OKKgb;0,OK001
OKKgb;0,OK022
OKKgb;0,OK023
OKKgb;0,OK024
OKKgb;0,OK025
OKKb;0,OK001
OKKb;0,OK022
OKKb;0,OK023
OKKpm;0,OK001
OKKpm;0,OK024
OKKpm;0,OK025
OKKws;0,OK001
OKKws;0,OK024
OKKws;0,OK025
OKKdc;0,OK001
OKKdc;0,OK024
OKKdc;0,OK025
OKKcf;0,OK001
OKKcf;0,OK022
OKKcf;0,OK023
OKKcf;0,OK024
OKKcf;0,OK025
OKKki;0,OK001
OKKki;0,OK022
OKKki;0,OK023
OKKki;0,OK024
OKKki;0,OK025
OKKgw;0,OK001
OKKgw;0,OK022
OKKgw;0,OK023
OKKgw;0,OK024
OKKgw;0,OK025
OKKa;0,OK001
OKKa;0,OK022
OKKa;0,OK023
OKKa;0,OK024
OKKa;0,OK025
OKKdq;0,OK001
OKKdq;0,OK024
OKKdq;0,OK025
OKKh;0,OK001
OKKh;0,OK024
OKKh;0,OK025
OKKc;0,OK001
OKKc;0,OK002
OKKc;0,OK003
OKKd;0,OK001
OKKd;0,OK014
OKKd;0,OK015
OKKds;0,OK001
OKKds;0,OK002
OKKds;0,OK003
OKKk;0,OK001
OKKk;0,OK008
OKKk;0,OK009
OKKk;0,OK014
OKKk;0,OK015
OKKp;0,OK001
OKKp;0,OK002
OKKp;0,OK003
OKJe;0,OK001
OKJe;0,OK002
OKJe;0,OK003
OKJm;0,OK001
OKJm;0,OK002
OKJm;0,OK003
OKTRd;0,OK001
OKTRd;0,OK002
OKTRd;0,OK003
OKMZu;0,OK001
OKMZu;0,OK004
OKMZu;0,OK004
OKPec;0,OK001
OKPec;0,OK014
OKPec;0,OK015
OKPdy;0,OK001
OKPdy;0,OK008
OKPdy;0,OK009
OKPdy;0,OK014
OKPdy;0,OK015
OKPcc;0,OK001
OKPcc;0,OK008
OKPcc;0,OK009
OKPcc;0,OK014
OKPcc;0,OK015
OKPcc;0,OK020
OKPcc;0,OK021
OKPcc;0,OK026
OKPwh;0,OK001
OKPwh;0,OK014
OKPwh;0,OK015
OKPwh;0,OK020
OKPwh;0,OK021
OKPwh;0,OK027
OKPr;0,OK001
OKPr;0,OK008
OKPr;0,OK014
OKPr;0,OK015
OKPr;0,OK020
OKPr;0,OK021
OKPr;0,OK022
OKPr;0,OK023
OKPrw;0,OK001
OKPrw;0,OK014
OKPrw;0,OK015
OKPrw;0,OK020
OKPrw;0,OK021
OKPrw;0,OK022
OKPrw;0,OK023
OKPm;0,OK001
OKPm;0,OK008
OKPm;0,OK009
OKPm;0,OK014
OKPm;0,OK015
OKPm;0,OK016
OKPm;0,OK017
OKPm;0,OK020
OKPm;0,OK021
OKPm;0,OK022
OKPm;0,OK023
OKPmd;0,OK001
OKPmd;0,OK008
OKPmd;0,OK009
OKPmv;0,OK001
OKPmv;0,OK014
OKPmv;0,OK015
OKPmv;0,OK022
OKPmv;0,OK023
OKPer;0,OK001
OKPer;0,OK014
OKPer;0,OK015
OKPer;0,OK020
OKPer;0,OK021
OKPdc;0,OK001
OKPdc;0,OK008
OKPdc;0,OK009
OKPdc;0,OK014
OKPdc;0,OK015
OKPdc;0,OK016
OKPdc;0,OK017
OKPdc;0,OK020
OKPdc;0,OK021
OKPdc;0,OK022
OKPdc;0,OK023
OKPb;0,OK001
OKPb;0,OK008
OKPb;0,OK009
OKPb;0,OK014
OKPb;0,OK015
OKPb;0,OK016
OKPb;0,OK017
OKPb;0,OK020
OKPb;0,OK021
OKPbe;0,OK001
OKPbe;0,OK020
OKPbe;0,OK021
OKPbv;0,OK001
OKPbv;0,OK020
OKPbv;0,OK021
OKPch;0,OK001
OKPch;0,OK008
OKPch;0,OK009
OKPch;0,OK010
OKPch;0,OK011
OKPch;0,OK014
OKPch;0,OK015
OKPch;0,OK016
OKPch;0,OK017
OKPf;0,OK001
OKPf;0,OK008
OKPf;0,OK009
OKPf;0,OK014
OKPf;0,OK015
OKPf;0,OK016
OKPf;0,OK017
OKPf;0,OK020
OKPf;0,OK021
OKPc;0,OK001
OKPc;0,OK008
OKPc;0,OK009
OKPc;0,OK014
OKPc;0,OK015
OKPc;0,OK016
OKPc;0,OK017
OKPc;0,OK022
OKPc;0,OK023
OKPd;0,OK001
OKPd;0,OK014
OKPd;0,OK015
OKPd;0,OK016
OKPd;0,OK017
OKPd;0,OK022
OKPd;0,OK023
OKPsa;0,OK001
OKPsa;0,OK020
OKPsa;0,OK021
OKPhy;0,OK001
OKPhy;0,OK014
OKPhy;0,OK015
OKPhy;0,OK020
OKPhy;0,OK021
OKPhy;0,OK028
OKPbi;0,OK001
OKPbi;0,OK008
OKPbi;0,OK009
OKPbi;0,OK010
OKPbi;0,OK011
OKPbi;0,OK014
OKPbi;0,OK015
OKPbi;0,OK016
OKPbi;0,OK017
OKPbi;0,OK022
OKPbi;0,OK023
OKPpo;0,OK001
OKPpo;0,OK020
OKPpo;0,OK021
OKPsp;0,OK001
OKPsp;0,OK008
OKPsp;0,OK009
OKPsp;0,OK010
OKPsp;0,OK011
OKPsp;0,OK016
OKPsp;0,OK017
OKPp;0,OK001
OKPp;0,OK016
OKPp;0,OK017
OKPp;0,OK022
OKPp;0,OK023
OKPk;0,OK001
OKPk;0,OK008
OKPk;0,OK009
OKPk;0,OK010
OKPk;0,OK011
OKPk;0,OK016
OKPk;0,OK017
OKPfa;0,OK001
OKPfa;0,OK008
OKPfa;0,OK009
OKPfa;0,OK010
OKPfa;0,OK011
OKPfa;0,OK016
OKPfa;0,OK017
OKPfa;0,OK022
OKPfa;0,OK023
OKPg;0,OK001
OKPg;0,OK010
OKPg;0,OK011
OKPg;0,OK016
OKPg;0,OK017
OKPg;0,OK020
OKPg;0,OK021
OKPg;0,OK022
OKPg;0,OK023
OKPw;0,OK001
OKPw;0,OK010
OKPw;0,OK011
OKPw;0,OK016
OKPw;0,OK017
OKPw;0,OK020
OKPw;0,OK021
OKPw;0,OK022
OKPw;0,OK023
OKPw;0,OK028
OKPu;0,OK001
OKPu;0,OK004
OKPu;0,OK005
OKPu;0,OK006
OKPu;0,OK007
OKPAo;0,OK001
OKPAo;0,OK010
OKPAo;0,OK011
OKPAo;0,OK016
OKPAo;0,OK017
OKPAo;0,OK020
OKPAo;0,OK021
OKPAo;0,OK022
OKPAo;0,OK023
OKPAv;0,OK001
OKPAv;0,OK010
OKPAv;0,OK011
OKPAv;0,OK016
OKPAv;0,OK017
OKPAv;0,OK022
OKPAv;0,OK023
OKPAv;0,OK029
OKPAa;0,OK001
OKPAa;0,OK010
OKPAa;0,OK011
OKPAa;0,OK016
OKPAa;0,OK017
OKPAa;0,OK022
OKPAa;0,OK023
OKPAa;0,OK029
OKPAva;0,OK001
OKPAva;0,OK010
OKPAva;0,OK011
OKPAva;0,OK016
OKPAva;0,OK017
OKPAva;0,OK022
OKPAva;0,OK023
OKPAva;0,OK029
OKPAho;0,OK001
OKPAho;0,OK022
OKPAho;0,OK023
OKPAho;0,OK030
OKPAht;0,OK001
OKPAht;0,OK016
OKPAht;0,OK017
OKPAht;0,OK022
OKPAht;0,OK023
OKPAbv;0,OK001
OKPAbv;0,OK012
OKPAbv;0,OK013
OKPAto;0,OK001
OKPAto;0,OK012
OKPAto;0,OK013
OKPAwi;0,OK001
OKPAwi;0,OK010
OKPAwi;0,OK011
OKPAwi;0,OK012
OKPAwi;0,OK013
OKPAwi;0,OK016
OKPAwi;0,OK017
OKPAch;0,OK001
OKPAch;0,OK010
OKPAch;0,OK011
OKPAch;0,OK012
OKPAch;0,OK013
OKPAch;0,OK016
OKPAch;0,OK017
OKPAb;0,OK001
OKPAb;0,OK016
OKPAb;0,OK017
OKPAb;0,OK022
OKPAb;0,OK023
OKPAta;0,OK001
OKPAta;0,OK010
OKPAta;0,OK011
OKPAta;0,OK016
OKPAta;0,OK017
OKPAta;0,OK031
OKPAbd;0,OK001
OKPAbd;0,OK010
OKPAbd;0,OK011
OKPAbd;0,OK016
OKPAbd;0,OK017
OKPAbd;0,OK031
OKPAn;0,OK001
OKPAn;0,OK012
OKPAn;0,OK013
OKPAn;0,OK022
OKPAn;0,OK023
OKPAhg;0,OK001
OKPAhg;0,OK012
OKPAhg;0,OK013
OKPAhg;0,OK032
OKPAd;0,OK001
OKPAd;0,OK010
OKPAd;0,OK011
OKPAd;0,OK012
OKPAd;0,OK013
OKPAd;0,OK016
OKPAd;0,OK017
OKPAd;0,OK032
OKPAnh;0,OK001
OKPAnh;0,OK010
OKPAnh;0,OK011
OKPAnh;0,OK016
OKPAnh;0,OK017
OKPAcf;0,OK001
OKPAcf;0,OK022
OKPAcf;0,OK023
OKPAcc;0,OK001
OKPAcc;0,OK010
OKPAcc;0,OK011
OKPAcc;0,OK012
OKPAcc;0,OK013
OKPAcc;0,OK016
OKPAcc;0,OK017
OKPAde;0,OK001
OKPAde;0,OK022
OKPAde;0,OK023
OKPAde;0,OK030
OKPAdo;0,OK001
OKPAdo;0,OK022
OKPAdo;0,OK023
OKPAdo;0,OK033
OKPAsl;0,OK001
OKPAsl;0,OK012
OKPAsl;0,OK013
OKPAsl;0,OK016
OKPAsl;0,OK017
OKPAsl;0,OK018
OKPAsl;0,OK019
OKPAsl;0,OK022
OKPAsl;0,OK023
OKPAsl;0,OK034
OKPAh;0,OK001
OKPAh;0,OK018
OKPAh;0,OK019
OKPAh;0,OK022
OKPAh;0,OK023
OKPAh;0,OK034
OKPAlp;0,OK001
OKPAlp;0,OK012
OKPAlp;0,OK013
OKPAlp;0,OK032
OKPAhu;0,OK001
OKPAhu;0,OK010
OKPAhu;0,OK011
OKPAhl;0,OK001
OKPAhl;0,OK012
OKPAhl;0,OK013
OKPAnw;0,OK001
OKPAnw;0,OK012
OKPAnw;0,OK013
OKPAnw;0,OK032
OKPAol;0,OK001
OKPAol;0,OK012
OKPAol;0,OK013
OKPAw;0,OK001
OKPAw;0,OK016
OKPAw;0,OK017
OKPAw;0,OK018
OKPAw;0,OK019
OKPAw;0,OK022
OKPAw;0,OK023
OKPAw;0,OK034
OKPAwe;0,OK001
OKPAwe;0,OK016
OKPAwe;0,OK017
OKPAwe;0,OK018
OKPAwe;0,OK019
OKPAwe;0,OK022
OKPAwe;0,OK023
OKPAwe;0,OK034
OKPAca;0,OK001
OKPAca;0,OK016
OKPAca;0,OK017
OKPAca;0,OK018
OKPAca;0,OK019
OKPAca;0,OK022
OKPAca;0,OK023
OKPAca;0,OK034
OKPAlb;0,OK001
OKPAlb;0,OK012
OKPAlb;0,OK013
OKPAfs;0,OK001
OKPAfs;0,OK012
OKPAfs;0,OK013
OKPAse;0,OK001
OKPAse;0,OK012
OKPAse;0,OK013
OKPAse;0,OK016
OKPAse;0,OK017
OKPAse;0,OK018
OKPAse;0,OK019
OKPAse;0,OK022
OKPAse;0,OK023
OKPAse;0,OK034
OKPAst;0,OK001
OKPAst;0,OK016
OKPAst;0,OK017
OKPAst;0,OK018
OKPAst;0,OK019
OKPAst;0,OK022
OKPAst;0,OK023
OKPAst;0,OK024
OKPAst;0,OK025
OKPAst;0,OK034
OKPAth;0,OK001
OKPAth;0,OK016
OKPAth;0,OK017
OKPAth;0,OK018
OKPAth;0,OK019
OKPAth;0,OK022
OKPAth;0,OK023
OKPAth;0,OK024
OKPAth;0,OK025
OKPAth;0,OK035
OKPAbo;0,OK001
OKPAbo;0,OK012
OKPAbo;0,OK013
OKPAbo;0,OK018
OKPAbo;0,OK019
OKPAbo;0,OK022
OKPAbo;0,OK023
OKPAbo;0,OK024
OKPAbo;0,OK025
OKPAbo;0,OK035
OKPAbj;0,OK001
OKPAbj;0,OK022
OKPAbj;0,OK023
OKPAbj;0,OK024
OKPAbj;0,OK025
OKPAsa;0,OK001
OKPAsa;0,OK012
OKPAsa;0,OK013
OKPAsa;0,OK018
OKPAsa;0,OK019
OKPAsa;0,OK022
OKPAsa;0,OK023
OKPAsa;0,OK024
OKPAsa;0,OK025
OKPAsa;0,OK035
OKPAm;0,OK001
OKPAm;0,OK022
OKPAm;0,OK023
OKPAm;0,OK024
OKPAm;0,OK025
OKPAm;0,OK035
OKPAsm;0,OK001
OKPAsm;0,OK018
OKPAsm;0,OK019
OKPAha;0,OK001
OKPAha;0,OK022
OKPAha;0,OK023
OKPAha;0,OK024
OKPAha;0,OK025
OKPAha;0,OK035
OKPAmh;0,OK001
OKPAmh;0,OK012
OKPAmh;0,OK013
OKPAmh;0,OK018
OKPAmh;0,OK019
OKPAsmh;0,OK001
OKPAsmh;0,OK012
OKPAsmh;0,OK013
OKPAat;0,OK001
OKPAat;0,OK012
OKPAat;0,OK013
OKPAat;0,OK018
OKPAat;0,OK019
OKPAat;0,OK022
OKPAat;0,OK023
OKPAat;0,OK024
OKPAat;0,OK025
OKPAat;0,OK036
OKPAlm;0,OK001
OKPAlm;0,OK024
OKPAlm;0,OK025
OKPAsma;0,OK001
OKPAsma;0,OK012
OKPAsma;0,OK013
OKPAbh;0,OK001
OKPAbh;0,OK012
OKPAbh;0,OK013
OKPAbh;0,OK018
OKPAbh;0,OK019
OKPAwa;0,OK001
OKPAwa;0,OK022
OKPAwa;0,OK023
OKPAwa;0,OK034
OKPAwal;0,OK001
OKPAwal;0,OK022
OKPAwal;0,OK023
OKPAwas;0,OK001
OKPAwas;0,OK022
OKPAwas;0,OK023
OKPAwc;0,OK001
OKPAwc;0,OK022
OKPAwc;0,OK023
OKPAwc;0,OK024
OKPAwc;0,OK025
OKPAwc;0,OK034
OKPAlg;0,OK001
OKPAlg;0,OK024
OKPAlg;0,OK025
OKPAlg;0,OK037
OKPAul;0,OK001
OKPAul;0,OK022
OKPAul;0,OK023
OKPAul;0,OK037
OKPAus;0,OK001
OKPAus;0,OK022
OKPAus;0,OK023
OKPAjv;0,OK001
OKPAjv;0,OK022
OKPAjv;0,OK023
OKPAjv;0,OK024
OKPAjv;0,OK025
OKPAjf;0,OK001
OKPAjf;0,OK022
OKPAjf;0,OK023
OKPAjf;0,OK024
OKPAjf;0,OK025
OKPAjf;0,OK037
OKPAjf;0,OK038
OKPAmo;0,OK001
OKPAmo;0,OK022
OKPAmo;0,OK023
OKPAma;0,OK001
OKPAma;0,OK022
OKPAma;0,OK023
OKPAu;0,OK001
OKPAu;0,OK018
OKPAu;0,OK019
OKMp;0,OK001
OKMp;0,OK018
OKMp;0,OK019
OKMpfh;0,OK001
OKMpfh;0,OK012
OKMpfh;0,OK013
OKMg;0,OK001
OKMg;0,OK022
OKMg;0,OK023
OKMg;0,OK024
OKMg;0,OK025
OKMg;0,OK039
OKMd;0,OK001
OKMd;0,OK022
OKMd;0,OK023
OKMd;0,OK024
OKMd;0,OK025
OKMd;0,OK039
OKMsw;0,OK001
OKMsw;0,OK022
OKMsw;0,OK023
OKMst;0,OK001
OKMst;0,OK022
OKMst;0,OK023
OKMst;0,OK024
OKMst;0,OK025
OKMst;0,OK040
OKMkr;0,OK001
OKMkr;0,OK012
OKMkr;0,OK013
OKMkr;0,OK018
OKMkr;0,OK019
OKMu;0,OK001
OKMu;0,OK018
OKMu;0,OK019
OKMDw;0,OK001
OKMDw;0,OK025
OKMDw;0,OK025
OKMDw;0,OK038
OKMDSa;0,OK001
OKMDSa;0,OK024
OKMDSa;0,OK025
OKMDSO;0,OK001
OKMDSO;0,OK018
OKMDSO;0,OK019
OKMDO;0,OK001
OKMDO;0,OK012
OKMDO;0,OK013
OKDa;0,OK001
OKDa;0,OK022
OKDa;0,OK023
OKDw;0,OK001
OKDw;0,OK022
OKDw;0,OK023
OKDp;0,OK001
OKDp;0,OK024
OKDp;0,OK025
OKDSh;0,OK001
OKDSh;0,OK022
OKDSh;0,OK023
OKDSh;0,OK041
OKDSh;0,OK042
OKSm;0,OK001
OKSm;0,OK024
OKSm;0,OK025
OKSb;0,OK001
OKSb;0,OK024
OKSb;0,OK025
OKSmb;0,OK001
OKSmb;0,OK022
OKSmb;0,OK023
OKSmOp;0,OK001
OKSmOp;0,OK024
OKSmOp;0,OK025
OKOp;0,OK001
OKOp;0,OK022
OKOp;0,OK023
OKOp;0,OK024
OKOp;0,OK025
OKObf;0,OK001
OKObf;0,OK022
OKObf;0,OK023
OKObf;0,OK024
OKObf;0,OK025
OKObf;0,OK043
OKOw;0,OK001
OKOw;0,OK022
OKOw;0,OK023
OKOw;0,OK024
OKOw;0,OK025
OKOvb;0,OK001
OKOvb;0,OK014
OKOvb;0,OK015
OKOvb;0,OK020
OKOvb;0,OK021
OKOsfv;0,OK001
OKOsfv;0,OK022
OKOsfv;0,OK023
OKObm;0,OK001
OKObm;0,OK022
OKObm;0,OK023
OKOoj;0,OK001
OKOoj;0,OK022
OKOoj;0,OK023
OKOws;0,OK001
OKOws;0,OK022
OKOws;0,OK023
OKOua;0,OK001
OKOua;0,OK020
OKOua;0,OK021
OKOua;0,OK044
OKOk;0,OK001
OKOk;0,OK022
OKOk;0,OK023
OKOwk;0,OK001
OKOwk;0,OK020
OKOwk;0,OK021
OKOwk;0,OK022
OKOwk;0,OK023
OKOcm;0,OK001
OKOcm;0,OK020
OKOcm;0,OK021
OKOcm;0,OK022
OKOcm;0,OK023
OKOb;0,OK001
OKOb;0,OK024
OKOb;0,OK025
OKOm;0,OK001
OKOm;0,OK024
OKOm;0,OK025
OKOcs;0,OK001
OKOcs;0,OK024
OKOcs;0,OK025
OKOc;0,OK001
OKOc;0,OK024
OKOc;0,OK025
OKOc;0,OK045
OKOc;0,OK046
OKCAat;0,OK001
OKCAat;0,OK020
OKCAat;0,OK021
OKCAb;0,OK001
OKCAb;0,OK014
OKCAb;0,OK015
OKCAth;0,OK001
OKCAth;0,OK022
OKCAth;0,OK023
OKCAth;0,OK047
OKCAp;0,OK001
OKCAp;0,OK022
OKCAp;0,OK023
OKCAbf;0,OK001
OKCAbf;0,OK022
OKCAbf;0,OK023
OKCAcr;0,OK001
OKCAcr;0,OK014
OKCAcr;0,OK015
OKCAcr;0,OK020
OKCAcr;0,OK021
OKCAcr;0,OK048
OKCAwg;0,OK001
OKCAwg;0,OK014
OKCAwg;0,OK015
OKCAwg;0,OK020
OKCAwg;0,OK021
OKCAwg;0,OK048
OKCAr;0,OK001
OKCAr;0,OK020
OKCAr;0,OK021
OKCAr;0,OK048
OKCAr;0,OK049
OKpCAt;0,OK001
OKpCAt;0,OK022
OKpCAt;0,OK023
OKpCAt;0,OK038
OKpCAt;0,OK050
OKpCAg;0,OK001
OKpCAg;0,OK012
OKpCAg;0,OK013
OKpCAg;0,OK051
OKd;0,OK001
OKd;0,OK024
OKd;0,OK025
OKTb;0,OK052
OKPpo;0,OK053
OKwater;0,OK001
