STATE,ORIG_LABEL,MAP_SYM1,MAP_SYMB2,UNIT_LINK,PROV_NO,PROVINCE,UNIT_NAME,UNIT_AGE,UNITDESC,STRAT_UNIT,UNIT_COM,MAP_REF,ROCKTYPE1,ROCKTYPE2,ROCKTYPE3,UNIT_REF
OK,Qa,Qa,Qa;0,OKQa;0,0,,Alluvium,Phanerozoic | Cenozoic | Quaternary | Holocene,"CIMARRON- Clay, silt, sand, and gravel 0 to 100 feet thick.  TEXAS- Sand, silt, clay, and gravel located in valleys of principalstreams.  Thickness not known but may exceed 100 feet in NorthCanadian River valley and may be 50 to 100 feet in lower parts",,"unconsolidated clay, silt, sand and gravel",OK001,alluvium,,,"OK001OK002OK003OK004OK005OK006OK007"
OK,Qal,Qal,Qal;0,OKQal;0,0,,Alluvium,Phanerozoic | Cenozoic | Quaternary | Holocene,"WOODWARD- Lenticular and interfingering deposits of gravel, sand, silt, and clay. Generally light-tan to gray. Thickness along major streams ranges up to 100 feet and probably averages 40 feet; along minor streams the thickness ranges up to 45 feet and p",,"unconsolidated clay, silt, sand and gravel",OK001,alluvium,,,"OK001OK008OK009OK010OK011OK012OK013OK016OK017OK020OK021OK022OK023OK024OK025"
OK,Qd,Qd,Qd;0,OKQd;0,0,,Dune Sand,Phanerozoic | Cenozoic | Quaternary | Pleistocene,"CIMARRON- Fine- to medium-grained sand 0 to 40 feet thick.  TEXAS- Fine to coarse windblown sand.  Maximum thickness about 30 feet. BEAVER- Fine to  coarse, round to sub-round, windblown sand consisting mostly of quartz grains. 0-50 feet thick",,,OK001,sand,,,"OK001OK002OK003OK004OK005OK006OK007"
OK,Qds,Qds,Qds;0,OKQds;0,0,,Dune Sand,Phanerozoic | Cenozoic | Quaternary | Pleistocene,"CLINTON- Wind-blown sand; thickness ranges from a thin Veneer to about 70 feet.  LAWTON- Wind-laid sand; maximum thickness about 50 feet (15 m).",,,OK001,sand,,,"OK001OK014OK015OK020OK021"
OK,Qt,Qt,Qt;0,OKQt;0,0,,Terrace Deposits,Phanerozoic | Cenozoic | Quaternary | Pleistocene,"WOODWARD- Lenticular and interfingering deposits of light-tan to graygravel, sand, silt, clay, and volcanic ash.  Sand dunes are common in many places. Thickness ranges up to 150 feet and averages about 60 feet.  ENID- Sand, silt, clay, and gravel.  Max",,,OK001,sand,gravel,volcanic ash,"OK001OK008OK009OK010OK011OK012OK013OK014OK015OK016OK017OK018OK019OK020OK021OK022OK023OK024OK025"
OK,Tb,Tb,Tb;0,OKTb;0,0,,Basalt,Phanerozoic | Cenozoic | Tertiary | Pliocene,"CIMARRON- Dark, dense to vesicular volcanic rock 50 to 85 +/- feet thick  forming cap rock of Black Mesa.",,"Comments: Raton Basalt: Is oldest (of three) basaltic to latiandesitic effusive rock unit mapped in western part of Raton-Clayton volcanic field, Colfax Co, NM in Las Vegas-Raton basin.  Caps highest and longest mesas in area.  Includes many sheets of la",OK001,basalt,,,"OK001OK002OK003OK052"
OK,To,To,To;0,OKTo;0,0,,Ogallala Formation,Phanerozoic | Cenozoic | Tertiary | Pliocene,"CIMARRON- Generally semiconsolidated clay, silt, sand, gravel, and caliche 0 to 400 feet thick. BEAVER- Interbedded sand, siltstone, clay, gravel lenses, and thin limestone. Caliche common near surface but occurrence is not limited to the surface.  Calic",,,OK001,sand,siltstone,clay or mud; gravel; limestone; volcanic ash,"OK001OK002OK003OK006OK007OK008OK009OK014OK015"
OK,Toa,Toa,Toa;0,OKToa;0,0,,"Pleistocene and Pliocene deposits, undifferentiated",Phanerozoic | Cenozoic | Tertiary Quaternary | Pliocene Pleistocene,"TEXAS- Interfingering beds, tongues, and lenses of sand, silt, clay, gravel, sandstone, caliche, limestone, conglomerate, and volcanic ash.  Includes Ogallala and Laverne Formations of Pliocene age and younger deposits of Pleistocene age.  Locally the un",,,OK001,sand,silt,clay or mud; gravel; sandstone; limestone; conglomerate; volcanic ash,"OK001OK004OK005"
OK,Ko,Ko,Ko;0,OKKo;0,0,,Ozan Formation,Phanerozoic | Mesozoic | Cretaceous-Late,"McALESTER TEXARKANA- Marl and clay, light- to dark- to brownish-gray, micaceous, calcareous, sandy, fine-grained sand, with interbedded chalkylimestone; glauconitic marl and sand at base; same as lower Taylor Marl of Texas; thickness, about 100 feet.",,"Comments: marl refers to loosely consolidated calcareous clays, silts and sands containing glauconite",OK001,carbonate,clay or mud,sand; limestone,"OK001OK024OK025"
OK,Kbr,Kbr,Kbr;0,OKKbr;0,0,,Brownstown Marl,Phanerozoic | Mesozoic | Cretaceous-Late,"McALESTER TEXARKANA- Marl and clay, gray, calcareous, micaceous, sandy and fine-grained sand, with some interbedded chalky limestones; same as upper  Austin Chalk of Texas; thickness, about 100 feet.",,"Comments: marl refers to loosely consolidated calcareous clays, silts and sands containing glauconite",OK001,carbonate,clay or mud,sand; limestone,"OK001OK024OK025"
OK,Kef,Kef,Kef;0,OKKef;0,0,,Eagle Ford Formation,Phanerozoic | Mesozoic | Cretaceous-Late,"ARDMORE-SHERMAN- Shale, dark-gray, plastic; thickness, about 50 feet; toperoded.",,"Comments: medium to dark gray shale, bituminous, selenitic, calcareous concretions and septaria, a few thin platy beds of sandstone and sandy limestone; marine megafossils.",OK001,shale,sandstone,limestone,"OK001OK022OK023"
OK,Kto,Kto,Kto;0,OKKto;0,0,,Tokio Formation,Phanerozoic | Mesozoic | Cretaceous-Late,"McALESTER TEXARKANA- Sand, light-gray, fine- to coarse-grained, quartzose, poorly sorted, crossbedded, and gray clay shale, with many cylindrical pipe structures, petrified wood and invertebrates; same as Bonham Marl and Austin Chalk of Texas; thickness",,,OK001,sandstone,shale,,"OK001OK024OK025"
OK,Kw,Kw,Kw;0,OKKw;0,0,,Woodbine Formation,Phanerozoic | Mesozoic | Cretaceous-Late,"McALESTER TEXARKANA- Sand, dark-green, yellowish-red, white, gray, fine- to coarse-grained, tuffaceous in upper part; crossbedded, quartzose, andbrownish-red noncalcareous clay; some gravel lentils with little to no quartz and some lignites and fossil p",,"Comments: interlensing sequence of nonmarine, brackish, and marine beds, includes marine fossils",OK001,sandstone,clay or mud,gravel; coal,"OK001OK024OK025"
OK,Kwt,Kwt,Kwt;0,OKKwt;0,0,,Templeton Member of Woodbine Formation,Phanerozoic | Mesozoic | Cretaceous-Late,"ARDMORE-SHERMAN- indurated sandstone and shale, about75 feet thick, erodes to an escarpment; (Woodbine Formation)",,,OK001,sandstone,shale,,"OK001OK022OK023"
OK,Kwl,Kwl,Kwl;0,OKKwl;0,0,,Lewisville Member of Woodbine Formation,Phanerozoic | Mesozoic | Cretaceous-Late,"ARDMORE-SHERMAN- mostly shale and weakly indurated sandstone, about 75 feet thick.",,,OK001,shale,sandstone,,"OK001OK022OK023"
OK,Kwr,Kwr,Kwr;0,OKKwr;0,0,,Red Branch Member of Woodbine Formation,Phanerozoic | Mesozoic | Cretaceous-Late,"ARDMORE-SHERMAN- indurated sandstone, shale, and lignite, about 75 feet       thick, erodes to an escarpment; and basal Dexter Member.",,,OK001,sandstone,shale,coal,"OK001OK022OK023"
OK,Kwd,Kwd,Kwd;0,OKKwd;0,0,,Dexter Member of Woodbine Formation,Phanerozoic | Mesozoic | Cretaceous-Late,"ARDMORE-SHERMAN- sandstone, shale, and lignite, moderately to weakly indurated, about 100 feet thick.",,,OK001,sandstone,shale,coal,"OK001OK022OK023"
OK,Kgb,Kgb,Kgb;0,OKKgb;0,0,,Grayson Marl and Bennington Limestone,Phanerozoic | Mesozoic | Cretaceous-Early,"ARDMORE-SHERMAN- ""Grayson Marl,"" marl, olive-gray, weakly indurated; thickness, about 25 feet.  ""Bennington Limestone"" at base is moderately indurated, medium bedded; thickness, about 10 feet.  McALESTER TEXARKANA- ""Grayson Marl,"" olive-gray, weakly indu",,"Comments: marl refers to loosely consolidated calcareous clays, silts and sands containing glauconite",OK001,carbonate,limestone,,"OK001OK022OK023OK024OK025"
OK,Kb,Kb,Kb;0,OKKb;0,0,,Bokchito Formation,Phanerozoic | Mesozoic | Cretaceous-Early,"ARDMORE-SHERMAN- Clay, illitic, kaolinitic, with some tan limestones andsandstones.  Subdivided into ""Pawpaw Clay"" at top, 40 to 60 feet thick; ""Quarry Limestone,"" 13 feet thick; ""Weno Clay,"" 100 to 135 feet thick; and basal ""Denton Clay,"" 50 to 70 fee",,"Comments: Lowermost 90 ft is sandy clay shale with some ferruginous limestone segregations and ironstone nodules; above these are 20-30 ft of friable sandstone followed by bluish shell limestones separated by friable shales.  Limestone is hard, semicryst",OK001,claystone,limestone,sandstone,"OK001OK022OK023"
OK,Kpm,Kpm,Kpm;0,OKKpm;0,0,,Pawpaw Sandstone and McNutt Limestone,Phanerozoic | Mesozoic | Cretaceous-Early,"McALESTER TEXARKANA- ""Pawpaw Sandstone,"" sandstone, yellowish- to reddish-gray, fine-grained, with gray to reddish-purple sandy clay; thickness, 35 feet.""McNutt Limestone"" at base, limestone, grayish-brown, arenaceous, with""Rastellum quadriplicatum;"" t",,,OK001,sandstone,limestone,,"OK001OK024OK025"
OK,Kws,Kws,Kws;0,OKKws;0,0,,Weno Clay and Soper Limestone,Phanerozoic | Mesozoic | Cretaceous-Early,"McALESTER TEXARKANA- ""Weno Clay"", clay and shale, brownish-gray, with selenite gypsum; interbedded with red- to yellow-brown fine-grained sandstones;thickness, 30 to 53 feet.  ""Soper Limestone"" at base, limestone, gray-brown to red-brown, compact, fossi",,,OK001,mudstone,sandstone,limestone; evaporite,"OK001OK024OK025"
OK,Kdc,Kdc,Kdc;0,OKKdc;0,0,,Denton Clay,Phanerozoic | Mesozoic | Cretaceous-Early,"McALESTER TEXARKANA- Clay and shale, blue- to brownish-gray, and marly,fossiliferous limestone with ""Texigryphaea washitaensis;"" thickness, 45 to 65 feet.",,,OK001,mudstone,limestone,,"OK001OK024OK025"
OK,Kcf,Kcf,Kcf;0,OKKcf;0,0,,Caddo Formation,Phanerozoic | Mesozoic | Cretaceous-Early,"ARDMORE-SHERMAN-Limestones, marls, and shales; 150 feet thick.  Subdivided into ""Fort Worth Limestone"" at top and ""Duck Creek Limestone"" below.  McALESTER TEXARKANA- Limestones, white to cream, silty, alternating with gray shales, with ""Texigryphaea wash",,,OK001,limestone,shale,,"OK001OK022OK023OK024OK025"
OK,Kki,Kki,Kki;0,OKKki;0,0,,Kiamichi Formation,Phanerozoic | Mesozoic | Cretaceous-Early,"ARDMORE-SHERMAN- Shale, dark-gray, plastic, with oyster-shell limestones;thickness, about 30 feet.  McALESTER TEXARKANA- Shale, dark-gray to black, with some brown fossiliferous limestones, with ""Texigryphaea navia;"" thickness, 28 to 36feet, and up to",,,OK001,shale,limestone,,"OK001OK022OK023OK024OK025"
OK,Kgw,Kgw,Kgw;0,OKKgw;0,0,,Goodland Limestone and Walnut Clay,Phanerozoic | Mesozoic | Cretaceous-Early,"ARDMORE-SHERMAN- ""Goodland Limestone,"" limestone, gray, dense, nodular to massive; thickness, 20 to 30 feet.  At base is ""Walnut Clay,"" tan clay, about 4 feet thick.McALESTER TEXARKANA- Limestone, white, fine crystalline, massive-bedded, with ""Texigryph",,,OK001,limestone,mudstone,,"OK001OK022OK023OK024OK025"
OK,Ka,Ka,Ka;0,OKKa;0,0,,Antlers Sand or Antlers Sandstone,Phanerozoic | Mesozoic | Cretaceous-Early,"ARDMORE-SHERMAN- ""Antlers Sand"" Sand, white to yellow, medium-grained, weakly indurated, with varicolored clays.  Contains arkosic conglomerates near Arbuckle Mountains and ""Baum Limestone"" near Mannsville anticline.  Thickness, 200 to 700 feet. McALESTE",,,OK001,sandstone,mudstone,conglomerate; limestone,"OK001OK022OK023OK024OK025"
OK,Kdq,Kdq,Kdq;0,OKKdq;0,0,,DeQueen Limestone,Phanerozoic | Mesozoic | Cretaceous-Early,"McALESTER TEXARKANA- Limestone and marl, blue- to pinkish- to yellowish-gray, locally siliceous, interbedded with varicolored calcareous shales; basal limestone conglomerate in places where unconformable upon Ouachita rocks but absent where conformable o",,,OK001,limestone,shale,conglomerate; evaporite,"OK001OK024OK025"
OK,Kh,Kh,Kh;0,OKKh;0,0,,Holly Creek Formation,Phanerozoic | Mesozoic | Cretaceous-Early,"McALESTER TEXARKANA- Gravel, composed mostly of quartz and novaculite, with clay and silt, tan to red-brown; unconformable on Ouachita rocks; thickness, 30 to 100 feet, thickening to 1,070 feet in subsurface of southern McCurtain County",,,OK001,conglomerate,mudstone,siltstone,"OK001OK024OK025"
OK,Kc,Kc,Kc;0,OKKc;0,0,,Colorado Group,Phanerozoic | Mesozoic | Cretaceous-Early,"CIMARRON- includes: Greenhorn Limestone: Gray fossiliferous limestone and calcareous shale.   Graneros Shale: Dark-gray shale. ",,,OK001,limestone,shale,,"OK001OK002OK003"
OK,Kd,Kd,Kd;0,OKKd;0,0,,Dakota Group,Phanerozoic | Mesozoic | Cretaceous-Early,"CLINTON- Outliers of the ""Kiowa Formation,"" Kk, dark-gray shale withsome thin beds of fossiliferous tan limestone, range in thickness from a few feet to about 20 feet.  Associated in some places is a 5- to 10-foot, gray to brown, coarse-grained sandston",,,OK001,shale,limestone,sandstone; conglomerate,"OK001OK014OK015"
OK,Kds,Kds,Kds;0,OKKds;0,0,,Dakota Sandstone,Phanerozoic | Mesozoic | Cretaceous-Early,"CIMARRON- Buff to light-brown, fine- to medium-grained, thin bedded to massive sandstone with interbedded shales.",,,OK001,sandstone,shale,,"OK001OK002OK003"
OK,Kk,Kk,Kk;0,OKKk;0,0,,Kiowa Formation,Phanerozoic | Mesozoic | Cretaceous-Early,"WOODWARD- Gray and yellow shale and limestone, with many ""Texigryphaea"" shells locally.  At base is 5 to 10 feet of greenish-gray sandstone in places.  Thickness ranges up to 140 feet with top eroded.  CLINTON- Outliers of the ""Kiowa Formation,"" Kk, dark",,,OK001,shale,limestone,sandstone; conglomerate,"OK001OK008OK009OK014OK015"
OK,Kp,Kp,Kp;0,OKKp;0,0,,Purgatoire Formation,Phanerozoic | Mesozoic | Cretaceous-Early,"CIMARRON- Kiowa Shale Member: Gray to black fossiliferous shale with sandstone in the upper part.  Thickness ranges from 0 to 50 +/- feet. Cheyenne Sandstone Member: Massive, white to buff, fine- to  medium-grained sandstone, containing some conglomerate",,,OK001,shale,sandstone,conglomerate,"OK001OK002OK003"
OK,Je,Je,Je;0,OKJe;0,0,,Exeter (Entrada) Sandstone,Phanerozoic | Mesozoic | Jurassic-Late,"CIMARRON- Massive, white to buff, fine- to medium-grained sandstone 0 to 50 +/- feet thick.",,,OK001,sandstone,,,"OK001OK002OK003"
OK,Jm,Jm,Jm;0,OKJm;0,0,,Morrison Formation,Phanerozoic | Mesozoic | Jurassic-Late,"CIMARRON- Varicolored fine-grained sandstone, limestone, dolomite, shale, and conglomerate 0 to 470 +/- feet thick.",,,OK001,sandstone,limestone,dolostone (dolomite); shale; conglomerate,"OK001OK002OK003"
OK,TRd,TRd,TRd;0,OKTRd;0,0,,Dockum Group,Phanerozoic | Mesozoic | Triassic-Late,"CIMARRON- Upper shale unit: Varicolored siltstone or claystone, conglomerate, fine-grained sandstone, and limestone. Lower sandstone unit: Varicolored, fine- to coarse-grained sandstone with some clay and interbedded shale.",,,OK001,shale,siltstone,conglomerate; sandstone; limestone,"OK001OK002OK003"
OK,MZu,MZu,MZu;0,OKMZu;0,0,,Mesozoic rocks undifferentiated,Phanerozoic | Mesozoic | Triassic-Early Triassic-Middle(?) Triassic-Late(?) Jurassic(?) Cretaceous-Early(?) Cretaceous-Middle(?) Cretaceous-Late,"TEXAS- Red shale containing thin layers of yellow and gray clay and indistinctly bedded fine-grained buff, red, white, and gray sandstone.  May include beds of Cretaceous, Jurassic, and Triassic ages. Their exposed thickness is less than 100 feet.",,,OK001,shale,sandstone,,"OK001OK004"
OK,Pec,Pec,Pec;0,OKPec;0,0,,Elk City Sandstone,Phanerozoic | Paleozoic | Permian,"CLINTON- Reddish-brown, fine-grained sandstone with minor amounts of silt and clay, weakly cemented by iron oxide, calcium carbonate, and gypsum; maximum thickness 185 feet, top eroded.",,,OK001,sandstone,siltstone,mudstone,"OK001OK014OK015"
OK,Pdy,Pdy,Pdy;0,OKPdy;0,0,,Doxey Formation or Doxey Shale,Phanerozoic | Paleozoic | Permian,"WOODWARD- ""Doxey Formation""- Red brown shale and siltstone, with greenish-gray calcareous siltstone at base.  Exposed thickness is 30 feet, with top eroded.  CLINTON- ""Doxey Shale""- Reddish-brown, silty shale and siltstone; thickness, about 190 feet.",,,OK001,shale,siltstone,,"OK001OK008OK009OK014OK015"
OK,Pcc,Pcc,Pcc;0,OKPcc;0,0,,Cloud Chief Formation,Phanerozoic | Paleozoic | Permian,"WOODWARD- Red-brown and greenish-gray shale and siltstone with some orange-brown fine-grained sandstone and siltstone.  At base  are two or more thin, pink to maroon to greenish-gray dolomite beds and (or) gypsum beds (""Moccasin Creek Bed"") eroding into",,"Comments: Named for town of Cloud Chief in eastern Washita Co, OK in Anadarko basin, near which unit is ""typically exposed"" (Gould, 1924) Consists of ledges of massive gypsums imbedded in red shales.  The gypsums vary a lot, both in number and thickness.",OK001,shale,siltstone,sandstone; dolostone (dolomite); evaporite,"OK001OK008OK009OK014OK015OK020OK021OK026"
OK,Pwh,Pwh,Pwh;0,OKPwh;0,0,,Whitehorse Group,Phanerozoic | Paleozoic | Permian,"CLINTON- Predominantly orange-brown, fine-grained sandstone, the ""Whitehorse Group"" is mapped as Pwh where separate formations have not been distinguished and as the ""Rush Springs Formation"" and the ""Marlow Formation"" where identified. ""Rush Springs Form",,"Comments: Named for Whitehorse Springs, Woods Co, OK, Anadarko basin. (Gould,1905) Weathers to form conspicuous buttes and mesas. Outcrops over a large area. Occupies a continuous exposure across the axis of the basin. From Fort Cobb and Anadarko (Caddo",OK001,sandstone,siltstone,dolostone (dolomite); evaporite; shale,"OK001OK014OK015OK020OK021OK027"
OK,Pr,Pr,Pr;0,OKPr;0,0,,Rush Springs Formation,Phanerozoic | Paleozoic | Permian,"WOODWARD- Orange-brown fine-grained sandstone, commonly crossbedded, with some interbedded red-brown shale, silty shale, and  gypsum beds.  In southern part of area, about 30 feet below  top is a thin massive gypsum bed (""Weatherford Bed"" or ""One Horse B",,,OK001,sandstone,evaporite,dolostone (dolomite); shale,"OK001OK008OK014OK015OK020OK021OK022OK023"
OK,Prw,Prw,Prw;0,OKPrw;0,0,,Weatherford Gypsum Bed of Rush Springs Formation,Phanerozoic | Paleozoic | Permian,"CLINTON- The ""Weatherford Gypsum Bed,"" Prw, dolomite and gypsum beds, is about 30 to 60 feet below the top (mapped in southeastern part only).  LAWTON- ""Weatherford Gypsum Bed,"" Prw, contains gypsum and dolomite and is as much as 60 feet (18 m) thick in",,,OK001,evaporite,dolostone (dolomite),,"OK001OK014OK015OK020OK021OK022OK023"
OK,Pm,Pm,Pm;0,OKPm;0,0,,Marlow Formation,Phanerozoic | Paleozoic | Permian,"WOODWARD- Orange-brown fine-grained sandstone and siltstone, with some interbedded red-brown shale and silty shale in upper part and some thin gypsum beds at base, about 35 feet above base, and at top.  The upper two gypsum and (or) dolomite beds are gen",,,OK001,sandstone,siltstone,shale; evaporite; dolostone (dolomite),"OK001OK008OK009OK014OK015OK016OK017OK020OK021OK022OK023"
OK,Pmd,Pmd,Pmd;0,OKPmd;0,0,,Doe Creek Lentil of Marlow Formation,Phanerozoic | Paleozoic | Permian,"WOODWARD- In Woods and Woodward Counties, the ""Doe Creek Lentil"" (Pmd) is a coarse-grained calcareous sandstone with algal clumps and invertebrate fossils, ranging up to 70 feet thick from the base of the Marlow to the Relay Creek Bed, cropping out in a",,,OK001,sandstone,,,"OK001OK008OK009"
OK,Pmv,Pmv,Pmv;0,OKPmv;0,0,,Verden Sandstone Lentil of Marlow Formation,Phanerozoic | Paleozoic | Permian,"CLINTON- The ""Verden Sandstone Lentil,"" Pmv, is a coarse-grained, calcareous, fossiliferous sandstone (2 to 10 feet thick) that occurs in the middle of the Marlow, about 25 feet below the Relay Creek Bed and 85 to 95 feet above the base.  ARDMORE-SHERMAN",,,OK001,sandstone,,,"OK001OK014OK015OK022OK023"
OK,Per,Per,Per;0,OKPer;0,0,,El Reno Group,Phanerozoic | Paleozoic | Permian,"CLINTON- Primarily evaporites and reddish-brown shale, with deltaic clastics to the southeast.  Where separate formations have not been distinguished, the ""El Reno Group"" is mapped as Per; El Reno Group. Includes: ""Dog Creek Shale,"" Pdc, reddish-brown sh",,,OK001,shale,evaporite,dolostone (dolomite); sandstone; siltstone; conglomerate,"OK001OK014OK015OK020OK021"
OK,Pdc,Pdc,Pdc;0,OKPdc;0,0,,Dog Creek Shale,Phanerozoic | Paleozoic | Permian,"WOODWARD- Red-brown shale and silty shale, with gypsum, dolomite, and  orange-brown sandstone.  In upper part are many thin,dense light-gray dolomite beds, the basal one of which is named ""Southard Bed"" (unmapped); in lower part is much satin-spar  gyps",,,OK001,shale,sandstone,siltstone; dolostone (dolomite); evaporite,"OK001OK008OK009OK014OK015OK016OK017OK020OK021OK022OK023"
OK,Pb,Pb,Pb;0,OKPb;0,0,,Blaine Formation,Phanerozoic | Paleozoic | Permian,"WOODWARD- Alternating cyclic sequence of 3 or 4 massive gypsum beds with red-brown shales, generally with a named dolomite at the base of each gypsum, and a greenish-gray shale at the base of each dolomite. The named unmapped sequence is (ascending) ""Ced",,,OK001,evaporite,dolostone (dolomite),shale,"OK001OK008OK009OK014OK015OK016OK017OK020OK021"
OK,Pbe,Pbe,Pbe;0,OKPbe;0,0,,Elm Fork Member of Blaine Formation,Phanerozoic | Paleozoic | Permian,"LAWTON- ""Elm Fork Member,"" Pbe, of the Blaine Formation contains 3 dolomite-gypsum sequences with a total thickness of 80 to 110 feet (24 to 34 m).",,,OK001,dolostone (dolomite),evaporite,,"OK001OK020OK021"
OK,Pbv,Pbv,Pbv;0,OKPbv;0,0,,Van Vacter Member of Blaine Formation,Phanerozoic | Paleozoic | Permian,"LAWTON- ""Van Vacter Member,"" Pbv, of the Blaine Formation contains 6 dolomite-gypsum-shale sequences with a total thickness of 80 to 105 feet (24 to 32 m).",,,OK001,dolostone (dolomite),evaporite,shale,"OK001OK020OK021"
OK,Pch,Pch,Pch;0,OKPch;0,0,,Cedar Hill Sandstone,Phanerozoic | Paleozoic | Permian,"WOODWARD- Orange-brown to greenish-gray fine-grained sandstone and     siltstone, with some red-brown shale.  Thickness ranges up to 180 feet, with more sandstone to the north and more shale to the south.  ENID- Mainly orange-brown, fine-grained quartzo",,,OK001,sandstone,shale,siltstone,"OK001OK008OK009OK010OK011OK014OK015OK016OK017"
OK,Pf,Pf,Pf;0,OKPf;0,0,,Flowerpot Shale,Phanerozoic | Paleozoic | Permian,"WOODWARD- Red-brown silty shale with some thin gypsum and dolomite     beds in upper 50 feet and fine-grained sandstones in upper part to north.  The middle and upper parts contain 50 feet or more of rock salt in the immediate subsurface, giving origin",,,OK001,shale,siltstone,dolostone (dolomite); evaporite; sandstone; conglomerate,"OK001OK008OK009OK014OK015OK016OK017OK020OK021"
OK,Pc,Pc,Pc;0,OKPc;0,0,,Chickasha Formation,Phanerozoic | Paleozoic | Permian,"WOODWARD-   The ""Chickasha Formation"" member of Flower Pot Shale   (Pc) is a deltaic tongue of red-brown to greenish-gray to orange-brown cross-bedded mudstone conglomerate, siltstone, shale, and fine-grained sandstone, about 30 feet thick, in the middl",,,OK001,conglomerate,shale,siltstone; sandstone,"OK001OK008OK009OK014OK015OK016OK017OK022OK023"
OK,Pd,Pd,Pd;0,OKPd;0,0,,Duncan Sandstone,Phanerozoic | Paleozoic | Permian,"CLINTON- ""Duncan Sandstone,"" Pd, light-gray and reddish-brown, cross-bedded, fine-grained sandstone and mudstone conglomerate with some interbedded yellowish-gray and reddish-brown shales; thickness, about 200 feet; gradational into the Cedar Hills Sands",,,OK001,sandstone,conglomerate,shale; siltstone,"OK001OK014OK015OK016OK017OK022OK023"
OK,Psa,Psa,Psa;0,OKPsa;0,0,,San Angelo Sandstone,Phanerozoic | Paleozoic | Permian,"LAWTON- ""San Angelo Sandstone,"" Psa, interstratified sandstone,mudstone conglomerate, and shale, as much as 80 feet (24 m) thick.",,,OK001,sandstone,conglomerate,shale,"OK001OK020OK021"
OK,Phy,Phy,Phy;0,OKPhy;0,0,,Hennessey Group,Phanerozoic | Paleozoic | Permian,"CLINTON- Reddish-brown shale with some thin, greenish-gray siltstoneand orange-brown sandstone and siltstone beds; thickness, about 500 feet.  The ""Hennessey Group"" is not subdivided in the southern part of the Clinton quadrangle; in the northeastern co",,"Comments: Named from town of Hennessey, northern Kingfisher Co, OK, (Aurin and others, 1926). in the Anadarko basin. The shales of the Hennessey are rarely fissile or laminated; instead they are more commonly blocky and break with a conchoidal fracture w",OK001,shale,siltstone,sandstone,"OK001OK014OK015OK020OK021OK028"
OK,Pbi,Pbi,Pbi;0,OKPbi;0,0,,Bison Formation or Bison Shale,Phanerozoic | Paleozoic | Permian,"WOODWARD- ""Bison Formation""- Mostly orange-brown to greenish-gray fine-grained sandstone. Thickness ranges up to 120 feet.  ENID- ""Bison Formation""-Mainly red-brown shale and greenish-gray and orange-brown  calcitic siltstone with minor sandstone in Garf",,,OK001,shale,sandstone,siltstone,"OK001OK008OK009OK010OK011OK014OK015OK016OK017OK022OK023"
OK,Ppo,Ppo,Ppo;0,OKPpo;0,0,,Post Oak Conglomerate,Phanerozoic | Paleozoic | Permian,"LAWTON- ""Post Oak Conglomerate,"" Ppo, limestone conglomerate near limestone outcrops; contains zeolite-opal (""Tepee Creek Formation"") locally, near gabbro and anorthosite outcrops; arkosic gravel and cobbles near igneous outcrops.  These rock types are i",,"Comments: Named from Post Oak Creek, and from Post Oak Mission in the NE corner of Comanche Co, OK, S. Oklahoma folded belt province, where unit is thick and well developed (Chase, 1954). Present also in southeastern Kiowa and southwestern Caddo Cos, OK.",OK001,conglomerate,sandstone,siltstone; shale,"OK001OK020OK021OK053"
OK,Psp,Psp,Psp;0,OKPsp;0,0,,Salt Plains Formation,Phanerozoic | Paleozoic | Permian,"WOODWARD- Orange-brown fine-grained sandstone and siltstone, with a  greenish-gray sandstone in middle 30 feet (""Crisfield  Sandstone Member"") unmapped.  Thickness ranges up to 160 feet.  ENID- Mainly red-brown shale with several thin beds of orange-bro",,"Comments: Anadarko basin in Woods Co, OK.  Consists ofa zone of rock-salt, red shales, with some sandstone, in which ""saline impregnations are common.""  Is 155 ft thick",OK001,shale,sandstone,siltstone,"OK001OK008OK009OK010OK011OK016OK017"
OK,Pp,Pp,Pp;0,OKPp;0,0,,Purcell Sandstone,Phanerozoic | Paleozoic | Permian,"OKLAHOMA CITY- Red-brown to maroon fine- to coarse-grained sandstone, mudstone  conglomerate, and red- brown shale. Thickness, 150 feet. (Hennessey Group)  ARDMORE-SHERMAN- Sandstone, red-brown to maroon and greenish-gray, fine- to coarse-grained, with",,,OK001,sandstone,shale,conglomerate,"OK001OK016OK017OK022OK023"
OK,Pk,Pk,Pk;0,OKPk;0,0,,Kingman Formation or Kingman Siltstone,Phanerozoic | Paleozoic | Permian,"WOODWARD- ""Kingman Formation""- Orange-brown to greenish-gray fine-grained sandstone and siltstone, with some red-brown shale. Thickness is about 70 feet. ENID- ""Kingman Siltstone""- Mainly red-brown with several thin layers of greenish-gray and orange-bro",,,OK001,siltstone,sandstone,shale,"OK001OK008OK009OK010OK011OK016OK017"
OK,Pfa,Pfa,Pfa;0,OKPfa;0,0,,Fairmont Shale,Phanerozoic | Paleozoic | Permian,"WOODWARD- Red-brown blocky shale with some greenish-gray calciti  siltstones. Thickness ranges up to 160 feet.  ENID- Mainly red-brown shale with many thin layers of calcitic siltstone in upper 60 feet (18 m).  Thickness, about 150 feet (45 m). (Henness",,,OK001,shale,siltstone,,"OK001OK008OK009OK010OK011OK016OK017OK022OK023"
OK,Pg,Pg,Pg;0,OKPg;0,0,,Garber Sandstone,Phanerozoic | Paleozoic | Permian,"ENID- Mostly orange-brown, fine- to medium-grained quartzose sandstone and conglomerate, grading northward into shale and calcitic siltstone.  Thickness, about 600 feet (180 m).  (Sumner Group)  OKLAHOMA CITY- Mostly orange-brown to red-brown fine-graine",,,OK001,sandstone,conglomerate,shale; siltstone; chert,"OK001OK010OK011OK016OK017OK020OK021OK022OK023"
OK,Pw,Pw,Pw;0,OKPw;0,0,,Wellington Formation,Phanerozoic | Paleozoic | Permian,"ENID- Mostly red-brown shale to north, grading into fine-grained  sandstone and mudstone conglomerate southward into Logan County.  Thickness, about 850 feet (260 m).  (Sumner Group)  OKLAHOMA CITY- Red-brown shale and orange-brown fine-grained sandstone",,"Comments: Occurs in north-central OK on the Chautauqua platform and in the Anadarko basin, and in adjoining  KS.  Consists of gray to bluish and drab shales with numerous thin beds of gray ""mud-stone.""  Beds of red sandstone present at the ""color-change",OK001,shale,sandstone,conglomerate; chert,"OK001OK010OK011OK016OK017OK020OK021OK022OK023OK028"
OK,Pu,Pu,Pu;0,OKPu;0,0,,Permian rocks undifferentiated,Phanerozoic | Paleozoic | Permian,"TEXAS- Red to dark reddish-brown shale, sandstone, and siltstone. Gypsumoccurs in all rock units as a cementing agent, as tiny flakes, as thin irregular veinlets, and as discontinuous beds ranging from less than an inch to more than 30 feet thick. Maxim",,,OK001,shale,sandstone,siltstone; limestone; dolostone (dolomite); evaporite,"OK001OK004OK005OK006OK007"
OK,IPo,PAo,PAo;0,OKPAo;0,0,,Oscar Group,Phanerozoic | Paleozoic | Carboniferous Pennsylvanian-Late,"ENID- Mainly shale with many layers of limestones that pinch out southward, where fine-grained arkosic sandstones are thicker and more numerous.  Near Kansas border, sequence is (descending): ""Herington Limestone"" (20 feet thick) at top, ""Enterprise Shal",,,OK001,shale,sandstone,limestone,"OK001OK010OK011OK016OK017OK020OK021OK022OK023"
OK,IPv,PAv,PAv;0,OKPAv;0,0,,Vanoss Group,Phanerozoic | Paleozoic | Carboniferous Pennsylvanian-Late,"ENID- Alternating layers of limestone and shale to north, grading southward into limestone, shale, and fine-grained arkosic sandstone.  Locally group contains thin coal seams.  Near Kansas border, group includes (descending): ""Salem PointShale"" (12 feet",,"Comments: Named for town of Vanoss, situated on the outcrop in north-central part of T3N, R4E, Pontotoc Co, OK, Arkoma basin, as basal of 3 formations of Pontotoc terrane [Group], (Morgan, 1924). Consists of alternating sandstones, conglomerates, shales,",OK001,shale,limestone,sandstone; conglomerate; coal,"OK001OK010OK011OK016OK017OK022OK023OK029"
OK,IPa,PAa,PAa;0,OKPAa;0,0,,Ada Group or Ada Formation,Phanerozoic | Paleozoic | Carboniferous Pennsylvanian-Late,"ENID- ""Ada Group""- Mainly shale with many limestone layers that are thinner andpinch out southward, where fine-grained sandstones are thicker and more numerous.  Near Kansas border, group includes (descending): ""Auburn shale"" (50 feet thick) at top, und",,"Comments: Named for town of Ada, Pontotoc Co, OK.  Type area lies within and to west of Ada; outcrop extends from northern edge of Stonewall quad, north of Vamoosa, southwestward to a point about 3 mi southeast of Roff.  Is in Pontotoc and Seminole Cos,",OK001,shale,sandstone,limestone; conglomerate,"OK001OK010OK011OK016OK017OK002OK023OK029"
OK,IPva,PAva,PAva;0,OKPAva;0,0,,Vamoosa Group or Vamoosa Formation,Phanerozoic | Paleozoic | Carboniferous Pennsylvanian-Late,"ENID- ""Vamoosa Group""-  Alternating layers of shale and fine- to coarse-grained sandstone, with some thin limestones.  Sandstone layers are thicker, coarser grained, and more numerous southward.  Group near Kansas border includes (descending): unnamed sh",,"Comments: Named after village of Vamoosa, northern part of Stonewall quad, Seminole Co, OK, which is 1/2 mi west of outcrop. In Stonewall quad, is exposed over approximately 20 sq mi.  From northern edge of quad (Seminole Co, Chautaqua platform) outcrop",OK001,shale,sandstone,limestone; conglomerate,"OK001OK010OK011OK016OK017OK022OK023OK029"
OK,IPho,PAho,PAho;0,OKPAho;0,0,,Hoxbar Group,Phanerozoic | Paleozoic | Carboniferous Pennsylvanian-Middle,"ARDMORE-SHERMAN- Upper most member of Glenn Fm, consisting of brown limestone, white sandstone, and shale.  ""Zuckerman Sandstone"" (top eroded) down to base of ""Confederate Limestone;"" thickness, 2,800 feet.  Occurs in the ARDMORE BASIN",,"Comments: Probably named for town of Hoxbar, Carter Co, OK, in the Ardmore Basin, S. Oklahoma folded belt province. Type area given in secs 26 and 35, T5S, R2E, Carter Co, OK. Occurs southeast of Ardmore and west of Hoxbar. Consists chiefly of shales, di",OK001,limestone,sandstone,shale,"OK001OK022OK023OK030"
OK,IPht,PAht,PAht;0,OKPAht;0,0,,Hilltop Formation,Phanerozoic | Paleozoic | Carboniferous Pennsylvanian-Middle,"OKLAHOMA CITY- Mainly shale, grading upward into massive siltstone and fine- grained sandstone; grades northward into ""Barnsdall Formation"", ""Chanute Formation"", and ""Dewey Limestone"". Thickness ranges from 0 to 200 feet.  ARDMORE-SHERMAN- Shale, blue-gr",,,OK001,shale,siltstone,sandstone,"OK001OK016OK017OK022OK023"
OK,IPbv,PAbv,PAbv;0,OKPAbv;0,0,,Vamoosa + Tallant + Barnsdall Formations,Phanerozoic | Paleozoic | Carboniferous Pennsylvanian-Middle,"TULSA- ""Vamoosa Formation,"" shale, sandstone, siltstone, and thin limestone.  ""Tallant Formation,"" shale, sandstone, and thin limestone.  ""Barnsdall Formation,"" shale, siltstone, sandstone, and thin limestone",,,OK001,shale,siltstone,sandstone; limestone,"OK001OK012OK013"
OK,IPto,PAto,PAto;0,OKPAto;0,0,,Torpedo Formation,Phanerozoic | Paleozoic | Carboniferous Pennsylvanian-Middle,TULSA- Thin-bedded to massive medium-grained sandstone and shale,,,OK001,sandstone,shale,,"OK001OK012OK013"
OK,IPwi,PAwi,PAwi;0,OKPAwi;0,0,,Wann and Iola Formations or Iola Limestone,Phanerozoic | Paleozoic | Carboniferous Pennsylvanian-Middle,"ENID- ""Wann Formation"" consists of shale and fine- to medium-grained sandstone with many thin layers of fossiliferous limestone. Thickness ranges from 50 to 400 feet (15 to 122 m).  ""Iola Limestone"" is mainly limestone, calcareous sandstone, and shale an",,,OK001,shale,sandstone,limestone,"OK001OK010OK011OK012OK013OK016OK017"
OK,IPch,PAch,PAch;0,OKPAch;0,0,,Chanute Formation,Phanerozoic | Paleozoic | Carboniferous Pennsylvanian-Middle,"ENID- Mainly fine-grained micaceous sandstone and coarse-grained, crossbedded sandstone separated by shale.  Locally Chanute contains thin coal seams.  Thickness ranges from about 10 to 150 feet (3 to 45 m).  TULSA- Thin- to thick-bedded, fine- to coarse",,,OK001,sandstone,shale,,"OK001OK010OK011OK012OK013OK016OK017"
OK,IPb,PAb,PAb;0,OKPAb;0,0,,Belle City Formation or Limestone,Phanerozoic | Paleozoic | Carboniferous Pennsylvanian-Middle,"OKLAHOMA CITY- ""Belle City Limestone""-Consists of two fossiliferous limestone units with an intervening fossiliferous shale. Thickness ranges from 12 to 20 feet; present in southern part of area only, where it is below ""Hilltop Formation"".   ARDMORE-SHER",,,OK001,limestone,shale,,"OK001OK016OK017OK022OK023"
OK,IPta,PAta,PAta;0,OKPAta;0,0,,Tallant Formation,Phanerozoic | Paleozoic | Carboniferous Pennsylvanian-Middle,"ENID- Alternating layers of shale and fine- to medium-grained sandstone.  Thickness ranges from 75 to 250 feet (23 to 75 m).  OKLAHOMA CITY- Mostly fine- to medium-grained sandstone 10 to 60 feet thick overlain by shale 25 to 65 feet thick. Cut out by ""V",,"Comments: Named from town of Tallant, Osage Co, OK, Chautauqua platform. Occurs from T23N to the KS-OK state line.  Consists of sandstone and shale.  Many of the sandstone beds are fine grained and tightly cemented; locally some are moderately coarse gra",OK001,sandstone,shale,,"OK001OK010OK011OK016OK017OK031"
OK,IPbd,PAbd,PAbd;0,OKPAbd;0,0,,Barnsdall Formation,Phanerozoic | Paleozoic | Carboniferous Pennsylvanian-Middle,"ENID- Formation is mainly fine- to medium-grained sandstone, overlain by shale.  At top is a thick shale, with ""Okesa Sandstone Member"" in middle and ""Birch Creek Limestone"" (called ""South Bend Limestone"") at base.  Birch Creek extends southward from Kan",,"Comments: Named from the town of Barnsdall, Osage Co, OK, Chautauqua platform. Has been mapped southward to the South Canadian River. Occurs from KS-OK state line to T13N.  Consists of shale, sandy limestone, limy sandstone.  Thickness varies from approx",OK001,sandstone,shale,limestone,"OK001OK010OK011OK016OK017OK031"
OK,IPn,PAn,PAn;0,OKPAn;0,0,,Nellie Bly Formation,Phanerozoic | Paleozoic | Carboniferous Pennsylvanian-Middle,"TULSA- Shale and thin sandstone.  ARDMORE-SHERMAN- Shale, siltstone, fine-grained sandstone, chert conglomerate, limestone, and limestone conglomerate, dark-gray to buff; thickness, 200 to 300 feet.  ",,,OK001,shale,sandstone,siltstone; limestone; conglomerate,"OK001OK012OK013OK022OK023"
OK,IPhg,PAhg,PAhg;0,OKPAhg;0,0,,Hogshooter Formation,Phanerozoic | Paleozoic | Carboniferous Pennsylvanian-Middle,"TULSA- Limestone and some shale.  (Mapped with the Nellie Bly Formation south of Bartlesville)  ",,"Comments: Named from Hogshooter Creek, Washington Co, OK on the Chautauqua platform.  Limestone which in its northern extension is heavily bedded and massive but to the southward is thin bedded and argillaceous.  Thickness at the state line is about 10 f",OK001,limestone,shale,,"OK001OK012OK013OK032"
OK,IPd,PAd,PAd;0,OKPAd;0,0,,Dewey Formation or Dewey Limestone,Phanerozoic | Paleozoic | Carboniferous Pennsylvanian-Middle,"ENID- ""Dewey Limestone""- Mainly medium-crystalline limestone and shale.  Thickness ranges from 0 to 60 feet (0 to 18 m).  TULSA- ""Dewey Formation""- Limestone and some shale. (Mapped with the Chanute formation south of Bartlesville)  OKLAHOMA CITY- ""Dewe",,"Comments: Named from the town of Dewey, Washington Co, OK on the Chautauqua platform. Is a bluish, semi-crystalline limestone, usually somewhat shaly but often massively bedded; on weathering, gives surface fragments abounding in seams of calcite.  At th",OK001,limestone,sandstone,shale,"OK001OK010OK011OK012OK013OK016OK017OK032"
OK,IPnh,PAnh,PAnh;0,OKPAnh;0,0,,Nellie Bly Formation and Hogshooter Limestone,Phanerozoic | Paleozoic | Carboniferous Pennsylvanian-Middle,"ENID- ""Nellie Bly Formation"" consists mainly of shale with a few layers of fine- to medium-grained sandstone.  Thickness ranges from 80 to 550 feet (25 to 170 m).  Underlying ""Hogshooter Limestone"" is massive crinoidal limestone 1 to 50 feet (0.3 to 14 m",,,OK001,shale,limestone,sandstone,"OK001OK010OK011OK016OK017"
OK,IPcf,PAcf,PAcf;0,OKPAcf;0,0,,Coffeyville or Francis Formation (restricted),Phanerozoic | Paleozoic | Carboniferous Pennsylvanian-Middle,"ARDMORE-SHERMAN- Shale, dark-blue, 20 to 70 feet thick, with ""DeNay   Limestone,"" yellow, massive, 2 to 6 feet thick at base, and 20 feet or  more of buff fine- to coarse-grained sandstone and chert conglomerate at top. (Upper Franks Conglomerate)  ",,"Comments: Named for Francis, Stonewall quad, Pontotoc Co, OK, westward from which outcrop extends.  Type area is that portion of outcrop which extends 3 mi north and south of Canadian River, Pontotoc and Seminole Cos, OK, Arkoma basin and Chautauqua plat",OK001,shale,sandstone,limestone; conglomerate,"OK001OK022OK023"
OK,IPcc,PAcc,PAcc;0,OKPAcc;0,0,,Coffeyville and Checkerboard Formations or Checkerboard Limestone,Phanerozoic | Paleozoic | Carboniferous Pennsylvanian-Middle,"ENID- ""Coffeyville Formation"" is mainly shale interbedded with fine-to medium-grained sandstone.  Locally formation contains thin coal seams.  Thickness ranges from 175 to 470 feet (50 to 140 m).  Underlying ""Checkerboard Limestone"" is crystalline limest",,,OK001,shale,sandstone,limestone; conglomerate; coal,"OK001OK010OK011OK012OK013OK016OK017"
OK,IPde,PAde,PAde;0,OKPAde;0,0,,Deese Group,Phanerozoic | Paleozoic | Carboniferous Pennsylvanian-Middle,"ARDMORE-SHERMAN- Member of Glenn Fm, mainly massive sandstone, conglomerate and shale. Base of ""Confederate Limestone"" down to top of ""Otterville  Limestone;"" thickness, 9,700 feet.  Occurs in the ARDMORE BASIN",,"Comments: Named as one of five members of Glenn formation; probably named for the town of Deese, Carter Co, OK, S. Oklahoma folded belt province.Occurs in a northwest-southeast exposure just east of Deese; north of Ardmore, extends as far east as Santa F",OK001,sandstone,conglomerate,shale; limestone,"OK001OK022OK023OK030"
OK,IPdo,PAdo,PAdo;0,OKPAdo;0,0,,Dornick Hills Group,Phanerozoic | Paleozoic | Carboniferous Pennsylvanian-Middle,"ARDMORE-SHERMAN- Series of tan shales with limestones, limestone conglomerate and sandstone. Top of ""Otterville Limestone"" down to base of ""Lake Ardmore Sandstone;"" thickness 1,800 feet.  Occurs in the ARDMORE BASIN",,"Comments: Named as a formation in the Ardmore basin in southern OK in the S. Oklahoma folded belt province. Consists of a series of bluish, tan, and rarer reddish and brown shales, with limestones, limestone conglomerates and sandstones.  Maximum observe",OK001,shale,limestone,conglomerate; sandstone,"OK001OK022OK023OK033"
OK,IPsl,PAsl,PAsl;0,OKPAsl;0,0,,Seminole Formation,Phanerozoic | Paleozoic | Carboniferous Pennsylvanian-Middle,"TULSA- Shale, sandstone, and thin coal beds.  OKLAHOMA CITY- Chert conglomerate, shale, and fine-grained sandstone containing coal seams in upper part locally.  Thickness ranges from 100 to 375 feet.  FORT SMITH- Sandy shale, sandstone, and thin coal sea",,"Comments: Probably named for Seminole [Indian] Nation, where unit crops out in rugged hilly country in northwestward part of Coalgate quad, Hughes Co, OK, Chautauqua platform.  .  About 50 ft of lower part of Seminole is exposed in a small area in northw",OK001,shale,sandstone,conglomerate; coal,"OK001OK012OK013OK016OK017OK018OK019OK022OK023OK034"
OK,IPh,PAh,PAh;0,OKPAh;0,0,,Holdenville Formation or Holdenville Shale,Phanerozoic | Paleozoic | Carboniferous Pennsylvanian-Middle,"OKLAHOMA CITY- ""Holdenville Shale""- Mainly clay shale with some interbedded fine-grained calcareous sandstone locally containing beds of crystalline limestone.  Thickness ranges from 100 to 280 feet.  FORT SMITH- ""Holdenville Shale""- Shale, thin sandston",,"Comments:  Probably named for Holdenville, Hughes Co, OK. Coalgate quad, OK, where unit is exposed only in small, triangular area in northwest corner of quad, in Hughes Co, Chautauqua platform, is 250 ft thick.  Surface of formation becomes broader north",OK001,shale,sandstone,conglomerate; limestone,"OK001OK018OK019OK022OK023OK034"
OK,IPlp,PAlp,PAlp;0,OKPAlp;0,0,,Lenapah Formation,Phanerozoic | Paleozoic | Carboniferous Pennsylvanian-Middle,TULSA- Limestone and shale. (Map unit only in Nowata County),,"Comments: Named for the town of Lenapah, Nowata Co, OK, Chautauqua platform.   Occurs near the KS State line entirely east of the Verdigris River. Is the cap rock of most of the hills in northeast part of the Nowata quadrangle.  Consists of a single bed",OK001,limestone,shale,,"OK001OK012OK013OK032"
OK,IPhu,PAhu,PAhu;0,OKPAhu;0,0,,Upper Holdenville Formation,Phanerozoic | Paleozoic | Carboniferous Pennsylvanian-Middle,"ENID- Mainly shale with interbedded fine-grained sandstone locally containing beds of limestone.  Only a few feet is exposed in quadrangle",,,OK001,shale,sandstone,limestone,"OK001OK010OK011"
OK,IPhl,PAhl,PAhl;0,OKPAhl;0,0,,Holdenville and Lenapah Formations,Phanerozoic | Paleozoic | Carboniferous Pennsylvanian-Middle,"TULSA- ""Holdenville Formation,"" shale and minor sandstone and limestone. ""Lenapah Formation"", limestone and shale. (Map unit only in Tulsa County)",,,OK001,shale,sandstone,limestone,"OK001OK012OK013"
OK,IPnw,PAnw,PAnw;0,OKPAnw;0,0,,Nowata Formation,Phanerozoic | Paleozoic | Carboniferous Pennsylvanian-Middle,TULSA- Shale and minor sandstone and limestone.,,"Comments: Named for the town of Nowata, Nowata Co, OK, Chautauqua platform.  No type locality designated.  Near the KS State line and east of Verdigris River, this formation occupies a narrow band between the escarpments of overlying and underlying limes",OK001,shale,sandstone,limestone,"OK001OK012OK013OK032"
OK,IPol,PAol,PAol;0,OKPAol;0,0,,Oolagah Formation,Phanerozoic | Paleozoic | Carboniferous Pennsylvanian-Middle,"TULSA- Thin-bedded limestone and some shale in the southern part ofthe area.  North of Oolagah, in western Rogers County, the map unit, IPol, includes the following formations: ""Altamont Formation,"" limestone and minor shale; ""Bandera Formation,"" shale",,,OK001,limestone,shale,sandstone,"OK001OK012OK013"
OK,IPw,PAw,PAw;0,OKPAw;0,0,,Wewoka Formation,Phanerozoic | Paleozoic | Carboniferous Pennsylvanian-Middle,"OKLAHOMA CITY- Interbedded fine- to medium-grained sandstone and calcareous shale.  Thickness ranges from 400 to 750 feet.  FORT SMITH- Shale, sandstone, and minor limestones   ARDMORE-SHERMAN- Shale, blue-gray, sandstone, chert conglomerate, and limesto",,"Comments: Named from town of Wewoka, Seminole Co, OK, Arkoma basin and Chautauqua platform.  Is a succession of massive, mostly friable sandstones and shales--7 alternating beds in all--from 40 to 130 ft thick; total thickness of formation 700 ft. Consis",OK001,shale,sandstone,limestone; conglomerate,"OK001OK016OK017OK018OK019OK022OK023OK034"
OK,IPwe,PAwe,PAwe;0,OKPAwe;0,0,,Wetumka Shale,Phanerozoic | Paleozoic | Carboniferous Pennsylvanian-Middle,"OKLAHOMA CITY- Mainly sandy, silty, laminated shale 100 to 200 feet thick    FORT SMITH- Shale, minor sandstones, and minor limestones.  ARDMORE-SHERMAN- Shale, blue-gray, with some sandstones and siltstones;thickness, 120 to 250 feet",,"Comments: Composed of friable, laminated clay shales except for thin, shaly sandstone layers near center.  Estimated to be about 120 ft thick throughout area of occurrence, Coalgate quad, Coal Co, OK in Arkoma basin.  (Taft, 1901)",OK001,shale,sandstone,siltstone; limestone,"OK001OK016OK017OK018OK019OK022OK023OK034"
OK,IPca,PAca,PAca;0,OKPAca;0,0,,Calvin Sandstone,Phanerozoic | Paleozoic | Carboniferous Pennsylvanian-Middle,"OKLAHOMA CITY- Medium-grained, thin-bedded to massive sandstone nd silty shale.  Thickness ranges from 230 to about 440 feet.  FORT SMITH- Shale and sandstone ARDMORE-SHERMAN- Sandstone, brown, medium-grained, with some gray shale; thickness, 40 to 320",,"Comments: Area of Coalgate quad, Coal and Hughes Cos, OK in Arkoma basin and Chautauqua platform where unit is exposed in north-central and western parts of quad.  Composed of massive and thin-bedded sandstone with some shaly beds in upper part, 140-240",OK001,sandstone,shale,,"OK001OK016OK017OK018OK019OK022OK023OK034"
OK,IPlb,PAlb,PAlb;0,OKPAlb;0,0,,Labette Formation,Phanerozoic | Paleozoic | Carboniferous Pennsylvanian-Middle,TULSA- Shale and thin sandstone and limestone.,,"Comments: Range between 30 and 80 ft thick.  Forms topographic depressions.  Has a persistent, buff, fine-grained sandstone in upper part.  Extends south from KS into OK as far as the latitude of Nowata, KS on the Chautauqua platform.  (Ohern, 1910)",OK001,shale,sandstone,limestone,"OK001OK012OK013"
OK,IPfs,PAfs,PAfs;0,OKPAfs;0,0,,Fort Scott Limestone,Phanerozoic | Paleozoic | Carboniferous Pennsylvanian-Middle,"TULSA- Limestone and shale. (Mapped with the Labette Formation south of BirdCreek inTulsa County)",,,OK001,limestone,shale,,"OK001OK012OK013"
OK,IPse,PAse,PAse;0,OKPAse;0,0,,Senora Formation,Phanerozoic | Paleozoic | Carboniferous Pennsylvanian-Middle,"TULSA- Shale with thin and lenticular sandstone, minor limestone, and coal.  OKLAHOMA CITY- Mainly fine-grained micaceous sandstone and shale locallycontaining coal beds.  Thickness ranges from about 500 to 950 feet.  FORT SMITH- Shale, sandstone, and",,"Comments: Composed of interstratified sandstones and shaly beds nearly 500 ft thick in northeast part of Coalgate quad, Coal and Hughes Cos, OK, Arkoma basin and Chautauqua platform. Thickness decreases to southwest, chiefly by thinning ofsandstone beds",OK001,sandstone,shale,limestone; coal,"OK001OK012OK013OK016OK017OK018OK019OK022OK023OK034"
OK,IPst,PAst,PAst;0,OKPAst;0,0,,Stuart Shale,Phanerozoic | Paleozoic | Carboniferous Pennsylvanian-Middle,"OKLAHOMA CITY- Mostly laminated clay shale and minor amounts of siltysandstone.  Thickness ranges from 80 to 180 feet.   FORT SMITH- Shale and minor sandstone. ARDMORE-SHERMAN- Shale, blue to dark-gray, with some fine- to medium-grained brown sandstones",,"Comments: Is 275 ft thick in northeast and central part of Coalgate quad, Coal Co, OK, Arkoma basin, and about 100 ft in western part. Composed of three [informal] members:  upper and lower ones of shale, separated by a variable sandstone 10-50 ft thick.",OK001,shale,sandstone,,"OK001OK016OK017OK018OK019OK022OK023OK024OK025OK034"
OK,IPth,PAth,PAth;0,OKPAth;0,0,,Thurman Sandstone,Phanerozoic | Paleozoic | Carboniferous Pennsylvanian-Middle,"OKLAHOMA CITY- Mainly medium-grained, silty sandstone with chertyconglomerate at base.  Only a few feet exposed in quadrangle.  FORT SMITH- Sandstone and shale. ARDMORE-SHERMAN- Sandstone, brown, fine- to coarse-grained, with some gray shale and basal 5",,"Comments: First published use in Pittsburg Co, OK, Arkoma basin. Probably named for the town of Thurman.  No type locality designated.  Occurs in the McAlester coal district in the McAlester quadrangle, where it has an exposure of about 200 ft.  The lowe",OK001,sandstone,shale,conglomerate,"OK001OK016OK017OK018OK019OK022OK023OK024OK025OK035"
OK,IPbo,PAbo,PAbo;0,OKPAbo;0,0,,Boggy Formation,Phanerozoic | Paleozoic | Carboniferous Pennsylvanian-Middle,"TULSA- Shale, sandstone, and coal.  FORT SMITH- Shale, sandstone, and coal; includes Bluejacket Sandstone Member at base.  ARDMORE-SHERMAN- Shale and sandstone, blue-gray to brown, fine- to coarse- grained, with some thin limestone lenses and a coal bed",,"Comments: First published use in central part of OK in Pittsburg Co, Arkoma basin.   Probably named for North Boggy Creek. Occurs in the McAlester coal district in the McAlester quadrangle, and in the Lehigh coal district in the Atoka and Colgate quadran",OK001,shale,sandstone,limestone; coal,"OK001OK012OK013OK018OK019OK022OK023OK024OK025OK035"
OK,IPbj,PAbj,PAbj;0,OKPAbj;0,0,,Bluejacket Sandstone,Phanerozoic | Paleozoic | Carboniferous Pennsylvanian-Middle,"ARDMORE-SHERMAN- ""Bluejacket Sandstone,"" IPbj, sandstone, at base, of Boggy FM, 8 to 12 feet thick, with 2-foot ""Secor coal"" 50 feet above top of  Bluejacket.McALESTER TEXARKANA- Sandstone, tan, fine- to coarse-grained, micaceous, quartzose, moderately",,,OK001,sandstone,coal,,"OK001OK022OK023OK024OK025"
OK,IPsa,PAsa,PAsa;0,OKPAsa;0,0,,Savanna Formation,Phanerozoic | Paleozoic | Carboniferous Pennsylvanian-Middle,"TULSA- ""Savanna Formation,"" shale and thin sandstone, limestone, and coal.          FORT SMITH- IPsa ""Savanna Formation,"" shale, sandstone, and coal  ARDMORE-SHERMAN- Sandstone and shale, gray to brown, fine- to coarse-      grained, cherty, with severa",,"Comments: First published use in Pittsburg Co, OK, in the Arkoma basin. Probably named for the town of Savanna.  No type locality designated.  Occurs in the McAlester coal district in the McAlester quadrangle, and in the Lehigh coal district in the Atoka",OK001,shale,sandstone,limestone; coal,"OK001OK012OK013OK018OK019OK022OK023OK024OK025OK035"
OK,IPm,PAm,PAm;0,OKPAm;0,0,,McAlester Formation,Phanerozoic | Paleozoic | Carboniferous Pennsylvanian-Middle,"ARDMORE-SHERMAN- Shale, gray, with ""Upper Hartshorne coal"" 1 to 50 feet  above base, 500 to 600 feet thick; overlain by dark-gray shale with many buff fine-grained sandstones, 595 to 1,030 feet thick; overlain by dark-gray shale, 300 to 925 feet thick,",,"Comments: First published use in Pittsburg Co, OK, in the Arkoma basin.  Probably named for the town of McAlester.  No type locality designated.  Occurs in the McAlester coal district in the McAlester quadrangle, and in the Lehigh coal district in the At",OK001,shale,sandstone,coal,"OK001OK022OK023OK024OK025OK035"
OK,IPsm,PAsm,PAsm;0,OKPAsm;0,0,,Savanna and McAlester Formations,Phanerozoic | Paleozoic | Carboniferous Pennsylvanian-Middle,"FORT SMITH- IPsm ""Savanna"" and ""McAlester Formations"" (undifferentiated;T. 15 N., Rs. 18, 19 E.), shale and minor sandstones",,,OK001,shale,sandstone,coal,"OK001OK018OK019"
OK,IPha,PAha,PAha;0,OKPAha;0,0,,Hartshorne Sandstone,Phanerozoic | Paleozoic | Carboniferous Pennsylvanian-Middle,"ARDMORE-SHERMAN- Sandstone, gray to white, medium- to coarse-grained with interbedded middle gray shale and ""Lower Hartshorne coal;"" thickness, 10 to 300 feet.  McALESTER TEXARKANA- Sandstone, tan to gray to white, fine- to coarse-grained, micaceous, qua",,"Comments: First published use in Pittsburg Co, OK, in the Arkoma basin.  Probably named for the town of Hartshorne.  No type locality designated.  Occurs in the McAlester coal district in the McAlester quadrangle, and in the Lehigh coal district in the A",OK001,sandstone,shale,coal,"OK001OK022OK023OK024OK025OK035"
OK,IPmh,PAmh,PAmh;0,OKPAmh;0,0,,McAlester and Hartshorne Formations,Phanerozoic | Paleozoic | Carboniferous Pennsylvanian-Middle,"TULSA- ""McAlester and Hartshorne Formations"", shale and some sandstone and coal. FORT SMITH- IPmh ""McAlester"" and ""Hartshorne Formations"" (undifferentiated), shale, sandstone, and coal.  ",,,OK001,shale,sandstone,coal,"OK001OK012OK013OK018OK019"
OK,IPsmh,PAsmh,PAsmh;0,OKPAsmh;0,0,,Savanna + McAlester + Hartshorne Formations,Phanerozoic | Paleozoic | Carboniferous Pennsylvanian-Middle,"TULSA-  ""Savanna, McAlester, and Hartshorne Formations,"" shale and some sandstone, limestone, and coal",,,OK001,shale,sandstone,limestone; coal,"OK001OK012OK013"
OK,IPat,PAat,PAat;0,OKPAat;0,0,,Atoka Formation,Phanerozoic | Paleozoic | Carboniferous Pennsylvanian-Middle,"TULSA- IPat   ""Atoka Formation,"" shale, siltstone, sandstone, and thin limestone.   FORT SMITH- IPat  ""Atoka Formation,"" shale and sandstone.  ARDMORE-SHERMAN- Shale, dark-gray, and sandstone, buff to white, fine- tocoarse-grained, with some chert congl",,"Comments: First published use in eastern Choctaw coal field, Le Flore, Latimer, Pittsburgh, and Atoka Cos, Arkoma basin and Ouachita tectonic belt province.  Probably named for town of Atoka, Atoka Co, OK.  No type locality designated.  Crops out along s",OK001,shale,sandstone,siltstone; limestone; conglomerate,"OK001OK012OK013OK018OK019OK022OK023OK024OK025OK036"
OK,IPlm,PAlm,PAlm;0,OKPAlm;0,0,,Lynn Mountain Formation,Phanerozoic | Paleozoic | Carboniferous Pennsylvanian-Early,"McALESTER TEXARKANA- Shale, gray to tan, with many fine- to coarse-grained, quartzose, micaceous sandstone with many bottom markings; top eroded; thickness, 3,000 to 7,000 feet or more; unconformable upon Goddard, Delaware Creek, Woodford, and older beds",,,OK001,shale,sandstone,,"OK001OK024OK025"
OK,IPsma,PAsma,PAsma;0,OKPAsma;0,0,,Savanna + McAlester + Hartshorne + Atoka Formations,Phanerozoic | Paleozoic | Carboniferous Pennsylvanian-Middle,"TULSA- ""Savanna, McAlester, Hartshorne, and Atoka Formations,"" shale, sandstone, siltstone, limestone, and coal.",,,OK001,shale,sandstone,siltstone; limestone; coal,"OK001OK012OK013"
OK,IPbh,PAbh,PAbh;0,OKPAbh;0,0,,Bloyd and Hale Formations,Phanerozoic | Paleozoic | Carboniferous Pennsylvanian-Early,"TULSA- ""Bloyd Formation,"" limestone and shale.  ""Hale Formation,"" limestone and sandstone.   FORT SMITH- IPbh ""Bloyd Formation,"" shale and limestone; and ""HaleFormation,"" limestone and sandstone.  ",,,OK001,limestone,shale,sandstone,"OK001OK012OK013OK018OK019"
OK,IPwa,PAwa,PAwa;0,OKPAwa;0,0,,Wapanucka Formation,Phanerozoic | Paleozoic | Carboniferous Pennsylvanian-Early,"ARDMORE-SHERMAN- Limestone, gray to tan, fine-grained to oolitic.  Mappedseparately along Lawrence uplift as IPwal, 30 to 75 feet thick with gray shale, IPwas, below, about 160 feet thick. Occurs in the ARBUCKLE MTNS",,"Comments: Probably named for Wapanucka, in Johnston Co, OK.  Crops out as narrow band along eastern border of the older Caney shale (new) in southeast and southwest corners of Coalgate quad, Coal Co, OK, Arkoma basin.  Is extensive but thin lentil reache",OK001,limestone,,,"OK001OK022OK023OK034"
OK,IPwal,PAwal,PAwal;0,OKPAwal;0,0,,Wapanucka Formation,Phanerozoic | Paleozoic | Carboniferous Pennsylvanian-Early,"ARDMORE-SHERMAN- Limestone, gray to tan, fine-grained to oolitic.  Mappedseparately along Lawrence uplift as IPwal, 30 to 75 feet thick with gray shale, IPwas, below, about 160 feet thick. Occurs in the ARBUCKLE MTNS",,,OK,limestone,shale,,"OK001OK022OK023"
OK,IPwas,PAwas,PAwas;0,OKPAwas;0,0,,Wapanucka Formation,Phanerozoic | Paleozoic | Carboniferous Pennsylvanian-Early,"ARDMORE-SHERMAN- Limestone, gray to tan, fine-grained to oolitic.  Mappedseparately along Lawrence uplift as IPwal, 30 to 75 feet thick with gray shale, IPwas, below, about 160 feet thick. Occurs in the ARBUCKLE MTNS",,,OK001,limestone,,,"OK001OK022OK023"
OK,IPwc,PAwc,PAwc;0,OKPAwc;0,0,,Wapanucka Formation and Chickachoc Chert,Phanerozoic | Paleozoic | Carboniferous Pennsylvanian-Early,"ARDMORE-SHERMAN- Limestone, gray to brown, spicular, granular to oolitic;alternates with gray shale and calcareous sandstone; thickness, 270 to 720 feet.  Chert content increases southeastward.  Occurs in the OUACHITA MTNSMcALESTER TEXARKANA- Limestone",,"Comments: Chickachoc Chert: First used  as a chert lentil in the lower part of Atoka formation.  Area of report is Coalgate quad, Coal Co, OK, Arkoma basin, where Chickachoc occurs in southeast corner of quad.   Is about 80 ft thick and composed of strat",OK001,limestone,sandstone,shale; chert,"OK001OK022OK023OK024OK025OK034"
OK,IPlg,PAlg,PAlg;0,OKPAlg;0,0,,Limestone Gap,Phanerozoic | Paleozoic | Carboniferous Pennsylvanian-Early,"McALESTER TEXARKANA- Shale and sandstone, gray to tan, illitic, chloritic,micaceous, quartzose, fine- to coarse-grained, moderately to well-indurated, with some ironstone concretions and many bottom marks; thickness, approximately 1,000 feet, pinching o",,"Comments: Named as a formation of Springer group of Morrow series of the Bendian period.  Type locality designated at Limestone Gap (source of name), sec 31, T2N, R13E, Atoka Co, OK in the Ouachita tectonic belt province. Occurs in the frontal Ouachitas,",OK001,shale,sandstone,,"OK001OK024OK025OK037"
OK,IPul,PAul,PAul;0,OKPAul;0,0,,Union Valley Formation,Phanerozoic | Paleozoic | Carboniferous Pennsylvanian-Early,"ARDMORE-SHERMAN- Limestone, gray, fine- to medium-grained, IPul, 12 to 25 feet thick; with sandstone, IPus, below, fine- to medium-grained,about 150 to 260 feet thick.  Occurs in the ARBUCKLE MTNS",,Comments: Revised as basal formation of Springer group of Morrow series of the Bendian period.  Formerly called Union Valley sandstone.  Is a very widespread deposit and sandstones in most areas make up ridges of moderate relief.  Found in east-central O,OK001,limestone,,,"OK001OK022OK023OK037"
OK,IPus,PAus,PAus;0,OKPAus;0,0,,Union Valley Formation (with sandstone),Phanerozoic | Paleozoic | Carboniferous Pennsylvanian-Early,"ARDMORE-SHERMAN- Limestone, gray, fine- to medium-grained, IPul, 12 to 25 feet thick; with sandstone, IPus, below, fine- to medium-grained,about 150 to 260 feet thick.  Occurs in the ARBUCKLE MTNS",,,OK,limestone,sandstone,,"OK001OK022OK023"
OK,IPjv,PAjv,PAjv;0,OKPAjv;0,0,,Johns Valley Formation or Johns Valley Shale,Phanerozoic | Paleozoic | Carboniferous Pennsylvanian-Early,"ARDMORE-SHERMAN- ""Johns Valley Formation""- Shale, dark-gray, with boulder conglomerate; thickness, 425 to 900 feet.  Occurs in the OUACHITA MNTS  McALESTER TEXARKANA- ""Johns Valley Shale""- Shale, dark-gray, with some stringers of Wapanucka-like limestone",,,OK001,shale,conglomerate,limestone,"OK001OK022OK023OK024OK025"
OK,IPjf,PAjf,PAjf;0,OKPAjf;0,0,,Jackfork Group or Jackfork Sandstone,Phanerozoic | Paleozoic | Carboniferous Pennsylvanian-Early,"ARDMORE-SHERMAN- ""Jackfork Sandstone""- Sandstone, gray, white, and tan, coarse-grained, cherty, with gray shale and some boulders up to 7 feet in diameter;thickness 1,150 to 5,000 feet Occurs in the OUACHITA MNTSMcALESTER TEXARKANA- ""Jackfork Group""- S",,"Comments: Raised in rank to group--upper of two groups of the Pushmataha series (new) of the Bendian period.  Is found in the Ouachita Mountains of OK in the Ouachita tectonic belt province.  Best exposure in undisturbed sequence is in Prairie Mountain,",OK001,sandstone,shale,chert,"OK001OK022OK023OK024OK025OK037OK038"
OK,IPmo,PAmo,PAmo;0,OKPAmo;0,0,,Morrowan rocks undifferentiated,Phanerozoic | Paleozoic | Carboniferous Pennsylvanian-Early,"ARDMORE-SHERMAN- Shale and sandstone, gray to brown, fine- to coarse-    grained;estimated thickness, 3,000 feet  Occurs in the OUACHITA MNTS.",,,OK,shale,sandstone,,"OK001OK022OK023"
OK,IPma,PAma,PAma;0,OKPAma;0,0,,Morrowan-Atokan (?) rocks undifferentiated,Phanerozoic | Paleozoic | Carboniferous Pennsylvanian-Early Pennsylvanian-Middle,"ARDMORE-SHERMAN- Shale and sandstone, gray to brown, fine- to coarse-grained; thickness, 5,000 to 9,000 feet. Occurs in the OUACHITA MNTS",,,OK001,shale,sandstone,,"OK001OK022OK023"
OK,IPu,PAu,PAu;0,OKPAu;0,0,,"Atoka, Bloyd and Hale Formations Undifferentiated",Phanerozoic | Paleozoic | Carboniferous Pennsylvanian-Early Pennsylvanian-Middle,"FORT SMITH- IPu  Undifferentiated.  Atoka, Bloyd, and Hale Formations.  IPat  ""Atoka Formation,"" shale and sandstone, IPbh ""Bloyd Formation,"" shale and limestone; and ""Hale Formation,"" limestone and sandstone.",,,OK001,shale,sandstone,limestone,"OK001OK018OK019"
OK,Mp,Mp,Mp;0,OKMp;0,0,,Pitkin + Fayetteville + Hindsville + Moorefield Formations,Phanerozoic | Paleozoic | Carboniferous Mississippian-Late,"FORT SMITH- Mp  ""Pitkin Formation,"" limestone; ""Fayetteville Formation,""shale and limestone; ""Hindsville Formation,"" limestone and shale; and ""Moorefield Formation,"" limestone.",,,OK001,limestone,shale,,"OK001OK018OK019"
OK,Mpfh,Mpfh,Mpfh;0,OKMpfh;0,0,,Pitkin + Fayetteville + Batesville + Hindsville + Moorefield Formations,Phanerozoic | Paleozoic | Carboniferous Mississippian-Late,"TULSA- ""Pitkin Formation,"" limestone.""Fayetteville Formation,"" shale and thin limestone ""Batesville Formation,"" fine-grained sandstone""Hindsville Formation,"" limestone and shale""Moorefield Formation,"" limestone, shale, and siltstone.",,,OK001,limestone,shale,sandstone; siltstone,"OK001OK012OK013"
OK,Mg,Mg,Mg;0,OKMg;0,0,,Goddard Shale,Phanerozoic | Paleozoic | Carboniferous Mississippian-Late,"ARDMORE-SHERMAN- 1. Mainly shale, gray, limonitic; thickness, 3,600 feet inArdmore Basin, 240-450 feet on Lawrence uplift.  In places includes ""Rod Club"" and ""Overbrook Sandstones"" and ""Union Valley Formation-Wapanucka"" shale.  Occurs in the ARBUCKLE MT",,"Comments: Type locality  listed as on Goddard ranch in secs 17, 18, 19, and 20, T3S, R4E, Johnston Co, OK in S. Oklahoma folded belt province. In measured type section, lower part 1,189 ft thick is gray to black shale with limonitic concretions with pele",OK001,shale,sandstone,,"OK001OK023OK024OK025OK039"
OK,Md,Md,Md;0,OKMd;0,0,,Delaware Creek Shale,Phanerozoic | Paleozoic | Carboniferous Mississippian,"ARDMORE-SHERMAN- 1. Shale, dark-gray to black, fissile, calcareous; thickness, 160 to 750 feet, decreasing northward. Occurs in the ARBUCKLE MTNS      2. Shale, dark-gray to black fissile; thickness 525 feet.  Occurs in the OUACHITA MTNSMcALESTER TEXAR",,"Comments: Named as middle member (of 3) of Caney shale; named from Delaware Creek which flows eastward in the Bromide-Wapanucka area.  Type are designated in the northeast part of T2S, R7E, about 3 1/2 mi southwest of Bromide; type locality measured in N",OK001,shale,,,"OK001OK022OK023OK024OK025OK039"
OK,Msw,Msw,Msw;0,OKMsw;0,0,,Sycamore and Welden Limestones,Phanerozoic | Paleozoic | Carboniferous Mississippian,"ARDMORE-SHERMAN- Limestone, blue-gray to tan, silty, fine-grained; thickness, 2 to 370 feet, decreasing northeastward.  Mapped separately innortheastern Arbuckle Mountains and Mannsville anticline; mapped elsewhere with underlying Woodford Shale.  Occur",,,OK001,limestone,,,"OK001OK022OK023"
OK,Mst,Mst,Mst;0,OKMst;0,0,,Stanley Group or Stanley Shale,Phanerozoic | Paleozoic | Carboniferous Mississippian,"ARDMORE-SHERMAN- ""Stanley Shale""- Shale, dark-gray, siliceous,with some gray to buff fine-grained sandstones; thickness,10,000 feet Occurs in the OUACHITA MNTS  McALESTER TEXARKANA- ""Stanley Group""- Shale, olive-green to gray, illitic,    chloritic, wit",,"Comments: Is found in the Ouachita Mountains of OK in the Ouachita tectonic belt province.   Stanley shale is a sedimentary rock of typical geosynclinal facies.  Stanley includes  four siliceous shale members (ascending):  Basal Ten Mile Creek, Tuskahoma",OK001,shale,sandstone,chert; tuff,"OK001OK022OK023OK024OK025OK040"
OK,Mkr,Mkr,Mkr;0,OKMkr;0,0,,Keokuk and Reeds Spring Formations and St. Joe Group,Phanerozoic | Paleozoic | Carboniferous Mississippian-Early,"TULSA- ""Keokuk Formation,"" chert and limestone.  ""Reeds Spring Formation,"" chert and limestone.  ""St. Joe Group,"" limestone and shale.    FORT SMITH- Mkr ""Keokuk Formation,"" chert; ""Reeds Spring Formation,"" chert and limestone; and ""St. Joe 'Group,'"" lim",,,OK001,chert,limestone,shale; carbonate,"OK001OK012OK013OK018OK019"
OK,Mu,Mu,Mu;0,OKMu;0,0,,Mississippian Rocks above Chattanooga Shale Undifferentiated,Phanerozoic | Paleozoic | Carboniferous Mississippian,"FORT SMITH- Mu-  Undifferentiated  Mississippian Rocks above Chattanooga Shale. Includes: Pitkin, Fayetteville, Hindsville, Moorefield, Keokuk and Reeds Spring Formations, and St. Joe Group.",,,OK001,limestone,shale,chert; carbonate,"OK001OK018OK019"
OK,MDw,MDw,MDw;0,OKMDw;0,0,,Woodford Shale,Phanerozoic | Paleozoic | Devonian-Late Carboniferous Mississippian-Early,"McALESTER TEXARKANA- Shale and chert, black, fissile, with phosphatic nodules and some greenish-gray silty shale; at base is reddish-brown shale; rests on Pine Top Chert in Northeast quarter of section 5 of Township 2 North, Range 15 East; thickness, 67",,"Comments: First published use in Atoka quad, Johnston and Atoka Cos, OK, South Oklahoma folded belt and Ouachita tectonic belt provinces.  Probably named for town of Woodford, Carter Co, OK.  No type locality designated.  Exposed in northwestern part of",OK001,shale,chert,,"OK001OK025OK038"
OK,MDSa,MDSa,MDSa;0,OKMDSa;0,0,,Arkansas Novaculite,Phanerozoic | Paleozoic | Silurian Devonian(?) Carboniferous Mississippian-Early,"McALESTER TEXARKANA- Chert, fine- to very fine-grained, gray, green, tan, black, white, and pink, with interbedded black to gray shale in 1-to 18-inch beds; some interbedded conglomerates and in places a basal conglomerate; upper part has been determined",,Comments: novaculite refers to a dense cryptocrystalline siliceous sediment similar to chert but characterized by dominance of microcrystalline quartz over chalcedony-distinquished by polygonal triple-point texture,OK001,novaculite,shale,conglomerate,"OK001OK024OK025"
OK,MDSO,MDSO,MDSO;0,OKMDSO;0,0,,"Undifferentiated, Mississisippian, Devonian, Silurian, and Ordovician",Phanerozoic | Paleozoic | Ordovician-Early Ordovician-Middle(?) Ordovician-Late(?) Silurian(?) Devonian(?) Carboniferous Mississippian-Early(?) Mississippian-Middle(?) Mississippian-Late,"FORT SMITH- Mississisippian, Devonian, Silurian, and Ordovician Rocks,UndifferentiatedMississippian and Devonian.  ""Chattanooga Shale,"" shale. Devonian. ""Sallisaw Formation,"" limestone, sandstone, and chert; and ""Frisco Formation,"" limestone.Silurian.",,,OK001,limestone,shale,sandstone; dolostone (dolomite); chert,"OK001OK018OK019"
OK,MDO,MDO,MDO;0,OKMDO;0,0,,Chattanooga + Fernvale + Fite + Tyner + Burgen + Cotter Formations,Phanerozoic | Paleozoic | Ordovician-Early Ordovician-Middle(?) Ordovician-Late(?) Silurian(?) Devonian(?) Carboniferous Mississippian-Early(?) Mississippian-Middle(?) Mississippian-Late,"TULSA- ""Chattanooga Formation,"" shale and minor sandstone.  ""Fernvale Formation,"" limestone.  ""Fite Formation,"" limestone""Tyner Formation,"" shale and dolomite""Burgen Sandstone,"" sandstone and minor dolomite and    shale.""Cotter Formation,"" dolomite",,,OK001,shale,limestone,dolostone (dolomite); sandstone,"OK001OK012OK013"
OK,Da,Da,Da;0,OKDa;0,0,,Arkansas Novaculite,Phanerozoic | Paleozoic | Devonian-Late,"ARDMORE-SHERMAN- Shale, black, cherty, with much novaculite; thickness, 230 to375 feet.  Occurs in the OUACHITA MNTS",,Comments: novaculite refers to a dense cryptocrystalline siliceous sediment similar to chert but characterized by dominance of microcrystalline quartz over chalcedony-distinquished by polygonal triple-point texture.,OK001,shale,novaculite,,"OK001OK022OK023"
OK,Dw,Dw,Dw;0,OKDw;0,0,,Woodford Shale,Phanerozoic | Paleozoic | Devonian-Late,"ARDMORE-SHERMAN- Shale, black, fissile, cherty; thickness, 160 to 560 feet,increasing southward. Occurs in the ARBUCKLE MTNS",,"Comments: First published use in Atoka quad, Johnston and Atoka Cos, OK, South Oklahoma folded belt and Ouachita tectonic belt provinces.  Intent to name not stated; probably named for town of Woodford, Carter Co, OK.  No type locality designated.  Expos",OK001,shale,,,"OK001OK022OK023"
OK,Dp,Dp,Dp;0,OKDp;0,0,,Pine Top Chert,Phanerozoic | Paleozoic | Devonian-Early,"McALESTER TEXARKANA- Limestone, chert, and cherty limestone, gray to light-gray to tan to white and pink; contains Haragan brachiopods; at top is an 8-foot chert conglomerate; base not exposed; thickness, 60 feet. Occurs in the OUACHITA MTNS NORTH OF TI",,,OK001,limestone,chert,conglomerate,"OK001OK024OK025"
OK,DSh,DSh,DSh;0,OKDSh;0,0,,Hunton Group,Phanerozoic | Paleozoic | Silurian Devonian-Early,"ARDMORE-SHERMAN- Marlstone, shale, and limestone, buff, ranging in age from Early Silurian to Early Devonian; thickness, 100 to 700 feet, with many unconformities Occurs in the ARBUCKLE MTNS",,"Comment: Named for village of Hunton, Johnston Co, OK in the South Oklahoma folded belt province.  No type locality designated. Occurs in northwestern part of Atoka quad where it is 150 ft thick, and to west in Arbuckle uplift where it reaches 300-ft thi",OK001,carbonate,shale,limestone,"OK001OK022OK023OK041OK042"
OK,Sm,Sm,Sm;0,OKSm;0,0,,Missouri Mountain Shale,Phanerozoic | Paleozoic | Silurian,"McALESTER TEXARKANA- Shale, greenish-gray to maroon to black; grades into phyllite in Broken Bow Uplift; contains some thin sandstones and grayconglomerates; a fossiliferous limestone occurs in Southeast quarter section 29, Township 4 South, Range 23 Ea",,,OK001,shale,phyllite,sandstone; conglomerate; limestone,"OK001OK024OK025"
OK,Sb,Sb,Sb;0,OKSb;0,0,,Blaylock Sandstone,Phanerozoic | Paleozoic | Silurian,"McALESTER TEXARKANA- Sandstone, greenish-gray, fine grained, well indurated, alternating with dark-gray to brown phyllites and shales in lower 100 feet; occurs only in Broken Bow Uplift and adjacent area; thickness, 670 to 804 feet, with maximum thicknes",,,OK001,sandstone,shale,phyllite,"OK001OK024OK025"
OK,Smb,Smb,Smb;0,OKSmb;0,0,,Missouri Mountain Shale and Blaylock Sandstone,Phanerozoic | Paleozoic | Silurian,"ARDMORE-SHERMAN- ""Missouri Mountain Shale,"" shale, black to gray-green to red; thickness, 100 feet; underlain by sandstone, several feet thick, correlated as ""Blaylock.""  Occurs in the OUACHITA MNTS",,,OK001,shale,sandstone,,"OK001OK022OK023"
OK,SmOp,SmOp,SmOp;0,OKSmOp;0,0,,Missouri Mountain and Polk Creek Shales,Phanerozoic | Paleozoic | Ordovician-Late Silurian,"McALESTER TEXARKANA- Shale, greenish-gray to maroon to black; grades into phyllite in Broken Bow Uplift; contains some thin sandstones and grayconglomerates; a fossiliferous limestone occurs in Southeast quarter section 29, Township 4 South, Range 23 Ea",,,OK001,shale,phyllite,sandstone; conglomerate; limestone,"OK001OK024OK025"
OK,Op,Op,Op;0,OKOp;0,0,,Polk Creek Shale,Phanerozoic | Paleozoic | Ordovician-Late,"ARDMORE-SHERMAN- Shale, black; thickness, 175 feet.  Occurs in the OUACHITA MNTS.  McALESTER TEXARKANA- Shale and phyllite, dark-gray to black, with some chert nodules; contains many graptolites; thickness, 75 to 140 feet.  (Same as Sylvan Shale in Arbuc",,,OK001,shale,phyllite,,"OK001OK022OK023OK024OK025"
OK,Obf,Obf,Obf;0,OKObf;0,0,,Bigfork Chert,Phanerozoic | Paleozoic | Ordovician-Middle,"ARDMORE-SHERMAN- Limestone, gray, and dark-gray to black chert; thickness, 575 feet.   Occurs in the OUACHITA MNTS.  McALESTER TEXARKANA- Chert, dark-gray to black, with interbedded graptolitic black shales and fossiliferous gray to black cherty limeston",,"Comments: Unit is found in many parts of Ouachita Range.  Consists of close textured, even-bedded, brittle, dark-gray chert in layers 1 to 18 inches thick.  Weathered parts look like sandstone.  Is about 700 ft thick.  Has been mapped as novaculite but i",OK001,chert,limestone,shale,"OK001OK022OK023OK024OK025OK043"
OK,Ow,Ow,Ow;0,OKOw;0,0,,Womble Formation or Womble Shale,Phanerozoic | Paleozoic | Ordovician-Early Ordovician-Middle,"ARDMORE-SHERMAN- ""Womble Shale""- Shale, black to green; thickness, 250 feet, base covered. Occurs in the OUACHITA MNTS.   McALESTER TEXARKANA- ""Womble Formation""- Sandstone, phyllites, and shales, greenish-gray to dark-gray to black, weathering red-brown",,,OK001,sandstone,phyllite,shale; limestone,"OK001OK022OK023OK024OK025"
OK,Ovb,Ovb,Ovb;0,OKOvb;0,0,,Viola Limestone and Bromide Formation,Phanerozoic | Paleozoic | Ordovician-Late,"CLINTON- Limestone, limestone and shale interbedded, and sandstone; thickness, about 900 feet; one outlier is shown in southern part of quadrangle.  Simpson and lower units are covered.  LAWTON- Limestone, interbedded limestone and shale, and sandstone;",,,OK001,limestone,shale,sandstone,"OK001OK014OK015OK020OK021"
OK,Osfv,Osfv,Osfv;0,OKOsfv;0,0,,Sylvan Shale + Fernvale Limestone and Viola Limestone,Phanerozoic | Paleozoic | Ordovician-Middle Ordovician-Late,"ARDMORE-SHERMAN- ""Sylvan,"" shale, dark-greenish-gray; thickness, 60 to 325 feet.  ""Fernvale"" and ""Viola,"" limestone, gray, fine- to coarse-grained; thickness, 350 to 900 feet. Occurs in the ARBUCKLE MTNS",,,OK001,limestone,shale,,"OK001OK022OK023"
OK,Obm,Obm,Obm;0,OKObm;0,0,,Bromide + Tulip Creek and McLish Formations,Phanerozoic | Paleozoic | Ordovician-Middle,"ARDMORE-SHERMAN- Limestone, buff; shale, grayish-green; and sandstone, brown to white, fine- to medium-grained: approximate sequence of rocks in each formation, from top to bottom.  Thickness, 750 to 1,400 feet, thinning eastward. (Simpson Group) Occurs",,,OK001,limestone,shale,sandstone,"OK001OK022OK023"
OK,Ooj,Ooj,Ooj;0,OKOoj;0,0,,Oil Creek and Joins Formation,Phanerozoic | Paleozoic | Ordovician-Middle,"ARDMORE-SHERMAN- Limestone, gray to tan, granular, with greenish-gray shale and brown fine- to medium-grained sandstone; thickness, 600 to 1,100 feet, decreasing eastward.  (Simpson Group) Occurs in the ARBUCKLE MTNS",,,OK001,limestone,shale,sandstone,"OK001OK022OK023"
OK,Ows,Ows,Ows;0,OKOws;0,0,,West Spring Creek Formation,Phanerozoic | Paleozoic | Ordovician-Early,"ARDMORE-SHERMAN- Limestone, gray to tan, fine-grained, gradational eastward into tan fine- to coarse-grained dolomite; some tan to gray sandstone and shale; thickness, 1,875 to 3,000 feet, decreasing eastward.  (Arbuckle Group)  Individual  Fm descriptio",,,OK001,limestone,dolostone (dolomite),sandstone; shale,"OK001OK022OK023"
OK,Oua,Oua,Oua;0,OKOua;0,0,,Upper part of Arbuckle Group,Phanerozoic | Paleozoic | Ordovician-Early,"LAWTON- Predominantly limestone and dolomite, 4,000 feet (1,200 m) thick, faulted in isolated areas. ""Upper part of Arbuckle Group undifferentiated,"" Oua, faulted in isolated areas north of Lawton.",,"Comments: Arbuckle Group: Named for Arbuckle Mountains, Murray Co, OK, South Oklahoma folded belt province. Consists of limestones with dolomites.  At base, 50 ft thin-bedded siliceous limestones gradually change to 300-400 ft massive, dull-bluish and cr",OK001,limestone,dolostone (dolomite),,"OK001OK020OK021OK044"
OK,Ok,Ok,Ok;0,OKOk;0,0,,Kindblade Formation,Phanerozoic | Paleozoic | Ordovician-Early,"ARDMORE-SHERMAN- Limestone, gray to tan, fine-grained, gradational eastward into tan fine- to coarse-grained dolomite; some tan to gray sandstone and shale; thickness, 1,875 to 3,000 feet, decreasing eastward.  (Arbuckle Group)  Individual  Fm descriptio",,,OK001,limestone,dolostone (dolomite),sandstone; shale,"OK001OK022OK023"
OK,Owk,Owk,Owk;0,OKOwk;0,0,,West Spring Creek and Kindblade Formations,Phanerozoic | Paleozoic | Ordovician-Early,"LAWTON- ""West Spring Creek Formation"" and ""Kindblade Formation,"" Owk, dolomite, dolomitic sandstone, conglomerate, and limestone; thickness, approximately 2,000 feet (600 m). (Upper part of Arbuckle Group).  ARDMORE-SHERMAN- Limestone, gray to tan, fine-",,,OK001,limestone,dolostone (dolomite),sandstone; conglomerate; shale,"OK001OK020OK021OK022OK023"
OK,Ocm,Ocm,Ocm;0,OKOcm;0,0,,Cool Creek and McKenzie Hill Formations,Phanerozoic | Paleozoic | Ordovician-Early,"LAWTON- ""Cool Creek Formation"" and ""McKenzie Hill Formation,"" Ocm,limestone and conglomerate with abundant quartz sand and cherty zones; thickness, approximately 2,000 feet (600 m). (Upper part of Arbuckle Group)ARDMORE-SHERMAN- Limestone, gray to tan,",,,OK001,limestone,dolostone (dolomite),sandstone; conglomerate,"OK001OK020OK021OK022OK023"
OK,Ob,Ob,Ob;0,OKOb;0,0,,Blakely Sandstone,Phanerozoic | Paleozoic | Ordovician-Early,"McALESTER TEXARKANA- Sandstone, gray to brown, fine- to coarse-grained, quartzose, micaceous; grades into beds above, with sharp quartzitic contact below; thickness, 10 to 15 feet, with maximum thickness in Arkansas 400 feet.Occurs in POTATO HILLS, BROK",,,OK001,sandstone,,,"OK001OK024OK025"
OK,Om,Om,Om;0,OKOm;0,0,,Mazarn Shale,Phanerozoic | Paleozoic | Ordovician-Early,"McALESTER TEXARKANA- Shale and phyllite, dark-gray to black, micaceous; estimated thickness, 1,000 feet, with maximum thickness in Arkansas 3,000 feet. Occurs in POTATO HILLS, BROKEN BOW UPLIFT or ADJACENT SMALLER UPLIFTS IN SOUTHEASTERN PART OF OUACHITA",,,OK001,shale,phyllite,,"OK001OK024OK025"
OK,Ocs,Ocs,Ocs;0,OKOcs;0,0,,Crystal Mountain Sandstone,Phanerozoic | Paleozoic | Ordovician-Early,"McALESTER TEXARKANA- Sandstone, pink to light-gray to dark-gray, fine- tocoarse-grained, quartzose, with well-rounded, frosted grains, quartzitic, fractured in many places, with many quartz and orthoclase veins; 14-foot chert- and limestone-pebble congl",,,OK001,sandstone,conglomerate,,"OK001OK024OK025"
OK,Oc,Oc,Oc;0,OKOc;0,0,,Collier Shale,Phanerozoic | Paleozoic | Cambrian-Furongian Ordovician-Early,"McALESTER TEXARKANA- Shale and phyllite, dark-gray to black, with much limestone, some granitic and arkosic pebbles, many quartz and orthoclasepegmatities, and some galena and sphalerite; contains Lower Ordovician conodonts; base covered; exposed thickn",,"Comments: Is the oldest known formation in the Wichita Mountains of OKand AR, Ouachita tectonic belt province.  Age changed to Late Cambrian and EarlyOrdovician. (Hart and others,1987)",OK001,shale,phyllite,limestone,"OK001OK024OK025OK045OK046"
OK,Cat,CAat,CAat;0,OKCAat;0,0,,Lower part of Arbuckle Group and Timbered Hills Group,Phanerozoic | Paleozoic | Cambrian-Furongian,"LAWTON- Limestone, dolomite, siltstone, sandstone, conglomerate, and shale, with glauconitic and hematitic zones; thickness, 1,200 to 2,000 feet (370 to 600 m), faulted in isolated areas. Lower part of ""Arbuckle Group"" includes ""Signal Mountain Formation",,,OK001,limestone,dolostone (dolomite),siltstone; sandstone; conglomerate; shale,"OK001OK020OK021"
OK,Cb,CAb,CAb;0,OKCAb;0,0,,Arbuckle Group and Timbered Hills Group,Phanerozoic | Paleozoic | Cambrian-Furongian,"CLINTON- Limestone and dolomite; one outlier at southern end ofquadrangle, about 1,200 feet thick.",,,OK001,limestone,dolostone (dolomite),,"OK001OK014OK015"
OK,Cth,CAth,CAth;0,OKCAth;0,0,,Timbered Hills Group,Phanerozoic | Paleozoic | Cambrian-Furongian,"ARDMORE-SHERMAN- ""Honey Creek Limestone,"" above, is gray, fine grained; grades eastward into dolomite; thickness 90 to 250 feet.  ""Reagan Sandstone,"" at base, is brown, coarse grained; thickness, 60 to 450 feet.  Occurs in the ARBUCKLE MTNS",,"Comments: Timbered Hills Group: Named for East and West Timbered Hills of Arbuckle Mountains, South Oklahoma folded belt province.  Group consists of (ascending):  Reagan sandstone, brown quartzite and arkose conglomerate and coarse sandstones becoming l",OK001,sandstone,limestone,dolostone (dolomite),"OK001OK022OK023OK047"
OK,Cp,CAp,CAp;0,OKCAp;0,0,,Colbert Porphyry,Phanerozoic | Paleozoic | Cambrian-Middle,"ARDMORE-SHERMAN- Rhyolite porphyry, red-brown, flow-banded; thickness, 7,500 feet.  Probably rests on 7,500 feet of metasedimentary and basaltic rocks in geosynclinal province of western Arbuckle Mountains. (525 million years old)  Occurs in the ARBUCKLE",,,OK001,rhyolite,,,"OK001OK022OK023"
OK,Cbf,CAbf,CAbf;0,OKCAbf;0,0,,Butterfly Dolomite + Signal Mountain Limestone + Royer Dolomite and Fort Sill Limestone,Phanerozoic | Paleozoic | Cambrian-Furongian,"ARDMORE-SHERMAN- Limestone, gray, fine-grained, gradational eastward into tan to pink fine- to coarse-grained dolomites; thickness, 570 to 1,600 feet, decreasing eastward. (Arbuckle Group)  Occurs in the ARBUCKLE MTNS",,,OK001,limestone,dolostone (dolomite),,"OK001OK022OK023"
OK,Ccr,CAcr,CAcr;0,OKCAcr;0,0,,Carlton Rhyolite Group,Phanerozoic | Paleozoic | Cambrian-Middle,"CLINTON- Rhyolite flows and tuffs; about 4,500 feet thick; one outlier is shown in southern part of mapped area.  LAWTON- Rhyolite flows, tuffs, conglomerate beds, and diabase sills; thickness, 4,500 feet (1,370 m).",,"Comments: Raised in rank to Carlton Rhyolite Group in area, southern Oklahoma, where it is present in ""Wichita Province"" (east to west, mostly in subsurface):  western Bryan Co (Ouachita tectonic belt province); Marshall, Love, Carter, Murray, Jefferson,",OK001,rhyolite,conglomerate,diorite,"OK001OK014OK015OK020OK021OK048"
OK,Cwg,CAwg,CAwg;0,OKCAwg;0,0,,Wichita Granite Group,Phanerozoic | Paleozoic | Cambrian-Middle,"CLINTON- Pink, medium-grained granite; three outliers have been mappedin the southern part of quadrangle.  LAWTON- Granites of various textures; thickness, 600 to 15,000 feet(180 to 4,570 m).",,"Comments: Probably named for Wichita Mountains of southern OK.  Report area is southern Oklahoma, where it is present in (east to west, mostly subsurface):  western Jefferson, Cotton, Comanche, Kiowa, and Greer Cos (South Oklahoma folded belt province);",OK001,granite,,,"OK001OK014OK015OK020OK021OK048"
OK,Cr,CAr,CAr;0,OKCAr;0,0,,Raggedy Mountain Gabbro Group,Phanerozoic | Paleozoic | Cambrian-Early,"LAWTON- Gabbro, anorthosite, and diorite; thickness, as much as 10,000 feet (3,000 m).",,"Comments:  In southern Oklahoma, where it is present in:  Comanche, Kiowa, and Greer Cos (South Oklahoma folded belt province); Tillman Co (Palo Duro basin); and Beckham Co (Anadarko basin).  Consists of diallage and olivine gabbro, anorthosite, and dior",OK001,gabbro,anorthosite,diorite,"OK001OK020OK021OK048OK049"
OK,pCt,pCAt,pCAt;0,OKpCAt;0,0,,Tishomingo and Troy Granites,Phanerozoic | Paleozoic | Cambrian-Middle,"ARDMORE-SHERMAN- Granite, pink, with much microcline and biotite; ""Troy"" is fine grained; ""Tishomingo"" is coarse grained.  Estimatedthickness, 10 miles. (1.3 billion years old)  Occurs in the ARBUCKLE MTNS",,"Comments: TISHOMINGO:Named for Tishomingo, capital of Chickasaw Nation, Indian Territory, Midcontinent region, Johnston Co, OK.  No type locality designated.  Occurs in Tishomingo quad   Is a coarse-grained, pink or reddish, microcline-rich granite with",OK001,granite,,,"OK001OK022OK023OK038OK050"
OK,pCg,pCAg,pCAg;0,OKpCAg;0,0,,Spavinaw Granite,Phanerozoic | Paleozoic | Cambrian-Middle,TULSA- no description given,,"Comments: Exposed in few small outcrops near Spavinaw, Mayes Co, OK,Midcontinent region, however, data from over 300 drill holes indicate that terrane underlies most of northeast OK, eastern KS, southwest MO, and northern AR.  Spavinaw consists of anoro",OK001,granite,rhyolite,,"OK001OK012OK013OK051"
OK,d,d,d;0,OKd;0,0,,Diorite Sill,Phanerozoic | Paleozoic | Ordovician-Late(?),"McALESTER TEXARKANA- Diorite, light-greenish-gray, medium- to fine-grained, quartz-free, with much andesine plagioclase and ferromagnesian minerals altered to chlorite and limonite; occurs in sections 10 and 15, Township 5 South, Range 23 East, in Womble",,,OK001,diorite,,,"OK001OK024OK025"
OK,UNKNWN,unknown,unknown;0,OKunknown;0,0,,Unknown,Unknown,,,Used for polygons for which there is no information except that they are in Mississippi not Louisiana.  There are no OKage or OKlith table entries for this unit.,OK001,indeterminate,,,OK001
OK,WATER,water,water;0,OKwater;0,0,,Water,None,,,,OK001,water,,,OK001
